Library Scale Value,Scale Name,Response Description,Points,Response Type
15096,6-point GG scale,06. Independent,100.0%,
15097,6-point GG scale,05. Setup or clean-up assistance,95.0%,
15098,6-point GG scale,04. Supervision or touching assistance,85.0%,
15099,6-point GG scale,03. Partial/moderate assistance,50.0%,
15100,6-point GG scale,02. Substantial/maximal assistance,25.0%,
15101,6-point GG scale,01. Dependent,0.0%,
15102,6-point GG scale,07. Resident refused,0.0%,N/A
15103,6-point GG scale,09. Not applicable,0.0%,N/A
15104,6-point GG scale,10. Not attempted due to environmental limitations,0.0%,N/A
15105,6-point GG scale,88. Not attempted due to medical condition or safety concerns,0.0%,N/A
24851,10-point gait assist scale,10. Independent,100.0%,
24852,10-point gait assist scale,09. Mostly independent,90.0%,
24853,10-point gait assist scale,08. Setup or clean-up assistance,75.0%,
24854,10-point gait assist scale,07. Supervision or touching assistance,60.0%,
24855,10-point gait assist scale,06. Stand-by assist,45.0%,
24856,10-point gait assist scale,05. Contact-guard assist,30.0%,
24857,10-point gait assist scale,04. Minimum assist,25.0%,
24858,10-point gait assist scale,03. Moderate assist,15.0%,
24859,10-point gait assist scale,02. Maximum assist,8.0%,
24860,10-point gait assist scale,01. Totally dependent,0.0%,
24861,10-point gait assist scale,88. Not assessed,0.0%,N/A
24862,10-point gait assist scale,88. Not assessed,0.0%,N/A
25082,13-point gait speed scale,13. Speed ? 1.2 m/s. Community amb. Able to safely cross street.,100.0%,
25525,13-point gait speed scale,13. Speed ? 1.2 m/s. Community amb. Able to safely cross street.,100.0%,
25081,13-point gait speed scale,"12. Speed 1.1 m/s. Community amb, but unable to safely cross street. Fall risk.",95.0%,
25524,13-point gait speed scale,"12. Speed 1.1 m/s. Community amb, but unable to safely cross street. Fall risk.",95.0%,
25080,13-point gait speed scale,"11. Speed 1.0 m/s. Community amb, but unable to safely cross street. Fall risk.",90.0%,
25523,13-point gait speed scale,"11. Speed 1.0 m/s. Community amb, but unable to safely cross street. Fall risk.",90.0%,
25079,13-point gait speed scale,"10. Speed 0.9 m/s. Community amb, but unable to safely cross street. Fall risk.",85.0%,
25522,13-point gait speed scale,"10. Speed 0.9 m/s. Community amb, but unable to safely cross street. Fall risk.",85.0%,
25078,13-point gait speed scale,09. Speed 0.8 m/s. Limited comfortable ambulation. Fall risk.,75.0%,
25521,13-point gait speed scale,09. Speed 0.8 m/s. Limited comfortable ambulation. Fall risk.,75.0%,
25077,13-point gait speed scale,08. Speed 0.7 m/s. Limited comfortable ambulation. Fall risk.,65.0%,
25520,13-point gait speed scale,08. Speed 0.7 m/s. Limited comfortable ambulation. Fall risk.,65.0%,
25076,13-point gait speed scale,07. Speed 0.6 m/s. Limited comfortable ambulation. Fall risk.,50.0%,
25519,13-point gait speed scale,07. Speed 0.6 m/s. Limited comfortable ambulation. Fall risk.,50.0%,
25075,13-point gait speed scale,06. Speed 0.5 m/s. Limited comfortable ambulation. Fall risk.,35.0%,
25518,13-point gait speed scale,06. Speed 0.5 m/s. Limited comfortable ambulation. Fall risk.,35.0%,
25074,13-point gait speed scale,05. Speed 0.4 m/s. Limited comfortable ambulation. Fall risk.,25.0%,
25517,13-point gait speed scale,05. Speed 0.4 m/s. Limited comfortable ambulation. Fall risk.,25.0%,
25073,13-point gait speed scale,04. Speed 0.3 m/s. Limited to household ambulation. Fall risk.,10.0%,
25516,13-point gait speed scale,04. Speed 0.3 m/s. Limited to household ambulation. Fall risk.,10.0%,
25072,13-point gait speed scale,03. Speed 0.2 m/s. Limited to household ambulation. Fall risk.,8.0%,
25515,13-point gait speed scale,03. Speed 0.2 m/s. Limited to household ambulation. Fall risk.,8.0%,
25071,13-point gait speed scale,02. Speed 0.1 m/s. Limited to household ambulation. Fall risk.,5.0%,
25514,13-point gait speed scale,02. Speed 0.1 m/s. Limited to household ambulation. Fall risk.,5.0%,
25070,13-point gait speed scale,01. Speed <0.1 m/s. Unable. Fall risk.,0.0%,
25513,13-point gait speed scale,01. Speed <0.1 m/s. Unable. Fall risk.,0.0%,
25528,13-point gait speed scale,Pt. unable to understand instructions,0.0%,N/A
25527,13-point gait speed scale,Pt. refused,0.0%,N/A
25529,13-point gait speed scale,"Not attempted, pt requires more than MinA for short distance ambulation",0.0%,N/A
25530,13-point gait speed scale,"Not attempted, PT or patient felt unsafe",0.0%,N/A
25532,13-point gait speed scale,D/C value not obtained due to unexpected discharge,0.0%,N/A
25526,13-point gait speed scale,"Attempted test, but unable to complete",0.0%,N/A
25531,13-point gait speed scale,To be assessed,0.0%,N/A
24993,5-point SPPB gait-speed scale,05. 4 pts: < 4.82 seconds,100.0%,
24992,5-point SPPB gait-speed scale,04. 3 pts: 4.82 to 6.20 seconds,75.0%,
24991,5-point SPPB gait-speed scale,03. 2 pts: 6.21 to 8.70 seconds,50.0%,
24990,5-point SPPB gait-speed scale,02. 1 pt: > 8.70 seconds,25.0%,
24989,5-point SPPB gait-speed scale,01. 0 pts: Unable to complete 4MWT w/ <= CGA; or attempted but unable to complete; or not attempted ,0.0%,
25047,5-point SPPB repeated chair-stand scale,05. 4 pts: 11.19 secs or less,100.0%,
25048,5-point SPPB repeated chair-stand scale,04. 3 pts: 11.20 to 13.69 secs,75.0%,
25049,5-point SPPB repeated chair-stand scale,03. 2 pts: 13.70 to 16.69 secs,50.0%,
25050,5-point SPPB repeated chair-stand scale,02. 1 pt: 16.70 to 60 secs,25.0%,
25051,5-point SPPB repeated chair-stand scale,01. 0 pts: > 60 sec; or used arms to stand; or unable to complete all 5 stands,0.0%,
25133,5-point SPPB repeated chair-stand scale,05. 4 pts: 11.19 secs or less,100.0%,
25134,5-point SPPB repeated chair-stand scale,04. 3 pts: 11.20 to 13.69 secs,75.0%,
25135,5-point SPPB repeated chair-stand scale,03. 2 pts: 13.70 to 16.69 secs,50.0%,
25136,5-point SPPB repeated chair-stand scale,02. 1 pt: 16.70 to 60 secs,25.0%,
25137,5-point SPPB repeated chair-stand scale,01. 0 pts: > 60 sec; or used arms to stand; or unable to complete all 5 stands,0.0%,
24973,2-point SPPB semi-tandem stand scale,02. Held for 10 seconds,100.0%,
24974,2-point SPPB semi-tandem stand scale,01. Not held for 10 seconds,0.0%,
24975,2-point SPPB semi-tandem stand scale,88. Not attempted,0.0%,N/A
24970,2-point SPPB sbs-stand scale,02. Held for 10 seconds,100.0%,
24971,2-point SPPB sbs-stand scale,01. Not held for 10 seconds,0.0%,
24972,2-point SPPB sbs-stand scale,88. Not attempted,0.0%,N/A
19569,2-point SPPB single chair-stand scale,02. Stood without using arms,100.0%,
19570,2-point SPPB single chair-stand scale,01. Used arms to stand,0.0%,
19571,2-point SPPB single chair-stand scale,88. Not attempted,0.0%,N/A
24985,2-point SPPB single chair-stand scale,02. Stood without using arms,100.0%,
24986,2-point SPPB single chair-stand scale,01. Used arms to stand,0.0%,
24987,2-point SPPB single chair-stand scale,"88. Attempted test, but unable to complete",0.0%,N/A
24988,2-point SPPB single chair-stand scale,88. Not attempted,0.0%,N/A
25138,2-point SPPB single chair-stand scale,02. Stood without using arms,100.0%,
25139,2-point SPPB single chair-stand scale,01. Used arms to stand,0.0%,
25140,2-point SPPB single chair-stand scale,"88. Attempted test, but unable to complete",0.0%,N/A
25141,2-point SPPB single chair-stand scale,88. Not attempted,0.0%,N/A
24984,5-point SPPB standing balance scale,05. Combined score of 4 points,100.0%,
24983,5-point SPPB standing balance scale,04. Combined score of 3 points,75.0%,
24982,5-point SPPB standing balance scale,03. Combined score of 2 points,50.0%,
24981,5-point SPPB standing balance scale,02. Combined score of 1 point,25.0%,
24980,5-point SPPB standing balance scale,01. Combined score of 0 points,0.0%,
24976,3-point SPPB tandem-stand scale,03. Held for 10 seconds,100.0%,
24977,3-point SPPB tandem-stand scale,02. Held for 3 to 9.99 seconds,50.0%,
24978,3-point SPPB tandem-stand scale,01. Held for <3 seconds,0.0%,
24979,3-point SPPB tandem-stand scale,88. Not attempted,0.0%,N/A
22009,6-point ambulation scale,06. Minimum assist,100.0%,
22010,6-point ambulation scale,05. Moderate assist with 1 helper,95.0%,
22011,6-point ambulation scale,04. Moderate assist with 2 helpers,85.0%,
22012,6-point ambulation scale,03. Maximum assist with 1 helper,50.0%,
22013,6-point ambulation scale,02. Maximum assist with 2 helpers,25.0%,
22014,6-point ambulation scale,01. Totally dependent,0.0%,
22105,11-point ambulation scale,11. 10 feet,100.0%,
22106,11-point ambulation scale,10. 9 feet,90.0%,
22107,11-point ambulation scale,09. 8 feet,80.0%,
22108,11-point ambulation scale,08. 7 feet,70.0%,
22109,11-point ambulation scale,07. 6 feet,60.0%,
22110,11-point ambulation scale,06. 5 feet,50.0%,
22111,11-point ambulation scale,05. 4 feet,40.0%,
22112,11-point ambulation scale,04. 3 feet,30.0%,
22113,11-point ambulation scale,03. 2 feet,20.0%,
22114,11-point ambulation scale,02. 1 foot,10.0%,
22115,11-point ambulation scale,01. 0 feet,0.0%,
22116,11-point ambulation scale,88. N/A,0.0%,N/A
22128,10-point ambulation scale,10. 9 feet,100.0%,
22129,10-point ambulation scale,09. 8 feet,90.0%,
22130,10-point ambulation scale,08. 7 feet,75.0%,
22131,10-point ambulation scale,07. 6 feet,60.0%,
22132,10-point ambulation scale,06. 5 feet,45.0%,
22133,10-point ambulation scale,05. 4 feet,30.0%,
22134,10-point ambulation scale,04. 3 feet,25.0%,
22135,10-point ambulation scale,03. 2 feet,15.0%,
22136,10-point ambulation scale,02. 1 foot,8.0%,
22137,10-point ambulation scale,01. Unable,0.0%,
15938,7-point comprehension and expression scale,07. I,100.0%,
15939,7-point comprehension and expression scale,06. MI,90.0%,
15940,7-point comprehension and expression scale,05. Min / Sup,75.0%,
15941,7-point comprehension and expression scale,04. Mild,50.0%,
15942,7-point comprehension and expression scale,03. Prof / Max,25.0%,
15943,7-point comprehension and expression scale,02. Mod,10.0%,
15944,7-point comprehension and expression scale,01. Dep,0.0%,
15945,7-point comprehension and expression scale,88. DNT,0.0%,N/A
15839,8-point ADL scale,08. Independent,100.0%,
15840,8-point ADL scale,07. Mostly independent,95.0%,
15841,8-point ADL scale,06. Stand-by assist,90.0%,
15842,8-point ADL scale,05. Contact-guard assist,85.0%,
15843,8-point ADL scale,04. Minimum assist,75.0%,
15844,8-point ADL scale,03. Moderate assist,50.0%,
15845,8-point ADL scale,02. Maximum assist,25.0%,
15846,8-point ADL scale,01. Totally dependent,0.0%,
15847,8-point ADL scale,88. Did not try,0.0%,N/A
15848,8-point ADL scale,88. Did not try,0.0%,N/A
14438,7-point FOIS scale,07. Total oral intake with no restrictions,100.0%,
14439,7-point FOIS scale,06. Total oral intake but avoid specific foods,90.0%,
14440,7-point FOIS scale,05. Total oral intake of multiple consistencies with special preparation,75.0%,
14443,7-point FOIS scale,02. Tube dependent with minimum or inconsistent intake,10.0%,
14441,7-point FOIS scale,04. Total oral intake of single consistentcy,50.0%,
14442,7-point FOIS scale,03. Tube supplement with consistent oral intake,25.0%,
14444,7-point FOIS scale,01. No oral intake,0.0%,
8468,13-point ISI scale,11. 0,100.0%,
8469,13-point ISI scale,10. 1,90.0%,
8470,13-point ISI scale,09. 2,80.0%,
8471,13-point ISI scale,08. 3,70.0%,
8472,13-point ISI scale,07. 4,60.0%,
8473,13-point ISI scale,06. 5,50.0%,
8474,13-point ISI scale,05. 6,40.0%,
8475,13-point ISI scale,04. 7,30.0%,
8476,13-point ISI scale,03. 8,20.0%,
8477,13-point ISI scale,02. 9,10.0%,
8478,13-point ISI scale,01. 10,0.0%,
8479,13-point ISI scale,88. N/A,0.0%,N/A
22254,11-point pain scale,11. Pain Level 0,100.0%,
22255,11-point pain scale,10. Pain level 1,90.0%,
22256,11-point pain scale,09. Pain level 2,80.0%,
22257,11-point pain scale,08. Pain level 3,70.0%,
22258,11-point pain scale,07. Pain level 4,60.0%,
22259,11-point pain scale,06. Pain level 5,50.0%,
22260,11-point pain scale,05. Pain level 6,40.0%,
22261,11-point pain scale,04. Pain level 7,30.0%,
22262,11-point pain scale,03. Pain level 8,20.0%,
22263,11-point pain scale,02. Pain level 9,10.0%,
22264,11-point pain scale,01. Pain level 10,0.0%,
15946,7-point comprehension and expression scale,88. DNT,0.0%,N/A
13687,57-point Berg scale,56/56,100.0%,
13688,57-point Berg scale,55/56,98.2%,
13689,57-point Berg scale,54/56,96.4%,
13690,57-point Berg scale,53/56,94.6%,
13691,57-point Berg scale,52/56,92.9%,
13692,57-point Berg scale,51/56,91.1%,
13693,57-point Berg scale,50/56,89.3%,
13694,57-point Berg scale,49/56,87.5%,
13695,57-point Berg scale,48/56,85.7%,
13696,57-point Berg scale,47/56,83.9%,
13697,57-point Berg scale,46/56,82.1%,
13698,57-point Berg scale,45/56,80.4%,
13699,57-point Berg scale,44/56,78.6%,
13700,57-point Berg scale,43/56,76.8%,
13701,57-point Berg scale,42/56,75.0%,
13702,57-point Berg scale,41/56,73.2%,
13703,57-point Berg scale,40/56,71.4%,
13704,57-point Berg scale,39/56,69.6%,
13705,57-point Berg scale,38/56,67.9%,
13706,57-point Berg scale,37/56,66.1%,
13707,57-point Berg scale,36/56,64.3%,
13708,57-point Berg scale,35/56,62.5%,
13709,57-point Berg scale,34/56,60.7%,
13710,57-point Berg scale,33/56,58.9%,
13711,57-point Berg scale,32/56,57.1%,
13712,57-point Berg scale,31/56,55.4%,
13713,57-point Berg scale,30/56,53.6%,
13714,57-point Berg scale,29/56,51.8%,
13715,57-point Berg scale,28/56,50.0%,
13716,57-point Berg scale,27/56,48.2%,
13717,57-point Berg scale,26/56,46.4%,
13718,57-point Berg scale,25/56,44.6%,
13719,57-point Berg scale,24/56,42.9%,
13720,57-point Berg scale,23/56,41.1%,
13721,57-point Berg scale,22/56,39.3%,
13722,57-point Berg scale,21/56,37.5%,
13723,57-point Berg scale,20/56,35.7%,
13724,57-point Berg scale,19/56,33.9%,
13725,57-point Berg scale,18/56,32.1%,
13726,57-point Berg scale,17/56,30.4%,
13727,57-point Berg scale,16/56,28.6%,
13728,57-point Berg scale,15/56,26.8%,
13729,57-point Berg scale,14/56,25.0%,
13730,57-point Berg scale,13/56,23.2%,
13731,57-point Berg scale,12/56,21.4%,
13732,57-point Berg scale,11/56,19.6%,
13733,57-point Berg scale,10/56,17.9%,
13734,57-point Berg scale,9/56,16.1%,
13735,57-point Berg scale,8/56,14.3%,
13736,57-point Berg scale,7/56,12.5%,
13737,57-point Berg scale,6/56,10.7%,
13738,57-point Berg scale,5/56,8.9%,
13739,57-point Berg scale,4/56,7.1%,
13740,57-point Berg scale,3/56,5.4%,
13741,57-point Berg scale,2/56,3.6%,
13742,57-point Berg scale,1/56,1.8%,
13743,57-point Berg scale,0/56,0.0%,
13744,57-point Berg scale,N/A,0.0%,N/A
13745,57-point Berg scale,N/A,0.0%,N/A
10684,57-point FST scale,56,100.0%,
10689,57-point FST scale,51,91.1%,
10692,57-point FST scale,48,85.7%,
10697,57-point FST scale,43,76.8%,
10700,57-point FST scale,40,71.4%,
10706,57-point FST scale,34,60.7%,
10710,57-point FST scale,30,53.6%,
10712,57-point FST scale,28,50.0%,
10713,57-point FST scale,27,48.2%,
10714,57-point FST scale,26,46.4%,
10719,57-point FST scale,21,37.5%,
10721,57-point FST scale,19,33.9%,
10722,57-point FST scale,18,32.1%,
10728,57-point FST scale,12,21.4%,
10729,57-point FST scale,11,19.6%,
10740,57-point FST scale,0,0.0%,
20020,5-point communication scale,91-100% of the time,100.0%,
20021,5-point communication scale,76-90% of the time,75.0%,
20022,5-point communication scale,50-75% of the time,50.0%,
20023,5-point communication scale,26-49% of the time,25.0%,
20024,5-point communication scale,0-25% of the time,0.0%,
20986,5-point communication scale,91-100% of the time,100.0%,
20985,5-point communication scale,76-90% of the time,75.0%,
20984,5-point communication scale,50-75% of the time,50.0%,
20983,5-point communication scale,26-49% of the time,25.0%,
20982,5-point communication scale,0-25% of the time,0.0%,
19697,5-point communication scale,91-100% of the time,100.0%,
19698,5-point communication scale,76-90% of the time,75.0%,
19699,5-point communication scale,50-75% of the time,50.0%,
19700,5-point communication scale,26-49% of the time,25.0%,
19701,5-point communication scale,0-25% of the time,0.0%,
22429,21-point S2S scale,>20 ,100.0%,
22430,21-point S2S scale,20 ,95.2%,
22431,21-point S2S scale,19 ,90.5%,
22432,21-point S2S scale,18 ,85.7%,
22433,21-point S2S scale,17 ,81.0%,
22434,21-point S2S scale,16,76.2%,
22435,21-point S2S scale,15 ,71.4%,
22436,21-point S2S scale,14 ,66.7%,
22437,21-point S2S scale,13 ,61.9%,
22438,21-point S2S scale,12 ,57.1%,
22439,21-point S2S scale,11 ,52.4%,
22440,21-point S2S scale,10 ,47.6%,
22441,21-point S2S scale,9 ,42.9%,
22442,21-point S2S scale,8 ,38.1%,
22443,21-point S2S scale,7 ,33.3%,
22444,21-point S2S scale,6 ,28.6%,
22445,21-point S2S scale,5 ,23.8%,
22446,21-point S2S scale,4 ,19.0%,
22447,21-point S2S scale,3 ,14.3%,
22448,21-point S2S scale,2 ,9.5%,
22449,21-point S2S scale,1 ,4.8%,
22451,21-point S2S scale,0-Unable w/o physical assistance,0.0%,
22450,21-point S2S scale,"0-Unable, requires use of hands",0.0%,
1448,57-point Berg scale,56/56,100.0%,
1449,57-point Berg scale,55/56,98.2%,
1450,57-point Berg scale,54/56,96.4%,
1451,57-point Berg scale,53/56,94.6%,
1452,57-point Berg scale,52/56,92.9%,
1453,57-point Berg scale,51/56,91.1%,
1454,57-point Berg scale,50/56,89.3%,
1455,57-point Berg scale,49/56,87.5%,
1456,57-point Berg scale,48/56,85.7%,
1457,57-point Berg scale,47/56,83.9%,
1458,57-point Berg scale,46/56,82.1%,
1459,57-point Berg scale,45/56,80.4%,
1460,57-point Berg scale,44/56,78.6%,
1461,57-point Berg scale,43/56,76.8%,
1462,57-point Berg scale,42/56,75.0%,
1463,57-point Berg scale,41/56,73.2%,
1464,57-point Berg scale,40/56,71.4%,
1465,57-point Berg scale,39/56,69.6%,
1466,57-point Berg scale,38/56,67.9%,
1467,57-point Berg scale,37/56,66.1%,
1468,57-point Berg scale,36/56,64.3%,
1469,57-point Berg scale,35/56,62.5%,
1470,57-point Berg scale,34/56,60.7%,
1471,57-point Berg scale,33/56,58.9%,
1472,57-point Berg scale,32/56,57.1%,
1473,57-point Berg scale,31/56,55.4%,
1474,57-point Berg scale,30/56,53.6%,
1475,57-point Berg scale,29/56,51.8%,
1476,57-point Berg scale,28/56,50.0%,
1477,57-point Berg scale,27/56,48.2%,
1478,57-point Berg scale,26/56,46.4%,
1479,57-point Berg scale,25/56,44.6%,
1480,57-point Berg scale,24/56,42.9%,
1481,57-point Berg scale,23/56,41.1%,
1482,57-point Berg scale,22/56,39.3%,
1483,57-point Berg scale,21/56,37.5%,
1484,57-point Berg scale,20/56,35.7%,
1485,57-point Berg scale,19/56,33.9%,
1486,57-point Berg scale,18/56,32.1%,
1487,57-point Berg scale,17/56,30.4%,
1488,57-point Berg scale,16/56,28.6%,
1489,57-point Berg scale,15/56,26.8%,
1490,57-point Berg scale,14/56,25.0%,
1491,57-point Berg scale,13/56,23.2%,
1492,57-point Berg scale,12/56,21.4%,
1493,57-point Berg scale,11/56,19.6%,
1494,57-point Berg scale,10/56,17.9%,
1495,57-point Berg scale,9/56,16.1%,
1496,57-point Berg scale,8/56,14.3%,
1497,57-point Berg scale,7/56,12.5%,
1498,57-point Berg scale,6/56,10.7%,
1499,57-point Berg scale,5/56,8.9%,
1500,57-point Berg scale,4/56,7.1%,
1501,57-point Berg scale,3/56,5.4%,
1502,57-point Berg scale,2/56,3.6%,
1503,57-point Berg scale,1/56,1.8%,
1504,57-point Berg scale,0/56,0.0%,
1505,57-point Berg scale,N/A,0.0%,N/A
1506,57-point Berg scale,N/A,0.0%,N/A
1533,52-point FR scale,>20.00 inches,100.0%,
1534,52-point FR scale,20.00 inches,98.0%,
1535,52-point FR scale,19.00 inches,96.1%,
1536,52-point FR scale,18.00 inches,94.1%,
1537,52-point FR scale,17.00 inches,92.2%,
1538,52-point FR scale,16.00 inches,90.2%,
1539,52-point FR scale,15.00 inches,88.2%,
1540,52-point FR scale,14.00 inches,86.3%,
1541,52-point FR scale,13.00 inches,84.3%,
1542,52-point FR scale,12.00 inches,82.4%,
1543,52-point FR scale,11.00 inches,80.4%,
1544,52-point FR scale,10.00 inches,78.4%,
1545,52-point FR scale,9.75 inches,76.5%,
1546,52-point FR scale,9.50 inches,74.5%,
1547,52-point FR scale,9.25 inches,72.5%,
1548,52-point FR scale,9.00 inches,70.6%,
1549,52-point FR scale,8.75 inches,68.6%,
1550,52-point FR scale,8.50 inches,66.7%,
1551,52-point FR scale,8.25 inches,64.7%,
1552,52-point FR scale,8.00 inches,62.7%,
1553,52-point FR scale,7.75 inches,60.8%,
1554,52-point FR scale,7.50 inches,58.8%,
1555,52-point FR scale,7.25 inches,56.9%,
1556,52-point FR scale,7.00 inches,54.9%,
1557,52-point FR scale,6.75 inches,52.9%,
1558,52-point FR scale,6.50 inches,51.0%,
1559,52-point FR scale,6.25 inches,49.0%,
1560,52-point FR scale,6.00 inches,47.1%,
1561,52-point FR scale,5.75 inches,45.1%,
1562,52-point FR scale,5.50 inches,43.1%,
1563,52-point FR scale,5.25 inches,41.2%,
1564,52-point FR scale,5.00 inches,39.2%,
1565,52-point FR scale,4.75 inches,37.3%,
1566,52-point FR scale,4.50 inches,35.3%,
1567,52-point FR scale,4.25 inches,33.3%,
1568,52-point FR scale,4.00 inches,31.4%,
1569,52-point FR scale,3.75 inches,29.4%,
1570,52-point FR scale,3.50 inches,27.5%,
1571,52-point FR scale,3.25 inches,25.5%,
1572,52-point FR scale,3.00 inches,23.5%,
1573,52-point FR scale,2.75 inches,21.6%,
1574,52-point FR scale,2.50 inches,19.6%,
1575,52-point FR scale,2.25 inches,17.6%,
1576,52-point FR scale,2.00 inches,15.7%,
1577,52-point FR scale,1.75 inches,13.7%,
1578,52-point FR scale,1.50 inches,11.8%,
1579,52-point FR scale,1.25 inches,9.8%,
1580,52-point FR scale,1.00 inches,7.8%,
1581,52-point FR scale,0.75 inches,5.9%,
1582,52-point FR scale,0.50 inches,3.9%,
1583,52-point FR scale,0.25 inches,2.0%,
1584,52-point FR scale,0.00 inches,0.0%,
1585,52-point FR scale,NA,0.0%,N/A
1586,52-point FR scale,NT,0.0%,N/A
7780,54-point OLS scale,>3.00 minutes,100.0%,
7781,54-point OLS scale,3.00 minutes,98.1%,
7782,54-point OLS scale,2.75 minutes,96.2%,
7783,54-point OLS scale,2.50 minutes,94.3%,
7784,54-point OLS scale,2.25 minutes,92.5%,
7785,54-point OLS scale,2.00 minutes,90.6%,
7786,54-point OLS scale,1.75 minutes,88.7%,
7787,54-point OLS scale,1.50 minutes,86.8%,
7788,54-point OLS scale,1.25 minutes,84.9%,
7789,54-point OLS scale,1.00 minutes,83.0%,
7790,54-point OLS scale,59 seconds,81.1%,
7791,54-point OLS scale,58 seconds,79.2%,
7792,54-point OLS scale,57 seconds,77.4%,
7793,54-point OLS scale,56 seconds,75.5%,
7794,54-point OLS scale,55 seconds,73.6%,
7799,54-point OLS scale,50 seconds,71.7%,
7804,54-point OLS scale,45 seconds,69.8%,
7807,54-point OLS scale,42 seconds,67.9%,
7809,54-point OLS scale,40 seconds,66.0%,
7810,54-point OLS scale,39 seconds,64.2%,
7812,54-point OLS scale,37 seconds,62.3%,
7814,54-point OLS scale,35 seconds,60.4%,
7815,54-point OLS scale,34 seconds,58.5%,
7817,54-point OLS scale,32 seconds,56.6%,
7818,54-point OLS scale,31 seconds,54.7%,
7819,54-point OLS scale,30 seconds,52.8%,
7820,54-point OLS scale,29 seconds,50.9%,
7821,54-point OLS scale,28 seconds,49.1%,
7822,54-point OLS scale,27 seconds,47.2%,
7824,54-point OLS scale,25 seconds,45.3%,
7826,54-point OLS scale,23 seconds,43.4%,
7827,54-point OLS scale,22 seconds,41.5%,
7828,54-point OLS scale,21 seconds,39.6%,
7829,54-point OLS scale,20 seconds,37.7%,
7830,54-point OLS scale,19 seconds,35.8%,
7831,54-point OLS scale,18 seconds,34.0%,
7832,54-point OLS scale,17 seconds,32.1%,
7833,54-point OLS scale,16 seconds,30.2%,
7834,54-point OLS scale,15 seconds,28.3%,
7835,54-point OLS scale,14 seconds,26.4%,
7836,54-point OLS scale,13 seconds,24.5%,
7837,54-point OLS scale,12 seconds,22.6%,
7838,54-point OLS scale,11 seconds,20.8%,
7839,54-point OLS scale,10 seconds,18.9%,
7840,54-point OLS scale,9 seconds,17.0%,
7841,54-point OLS scale,8 seconds,15.1%,
7842,54-point OLS scale,7 seconds,13.2%,
7843,54-point OLS scale,6 seconds,11.3%,
7844,54-point OLS scale,5 seconds,9.4%,
7845,54-point OLS scale,4 seconds,7.5%,
7846,54-point OLS scale,3 seconds,5.7%,
7847,54-point OLS scale,2 seconds,3.8%,
7848,54-point OLS scale,1 second,1.9%,
7849,54-point OLS scale,0 seconds,0.0%,
7850,54-point OLS scale,NA,0.0%,N/A
7851,54-point OLS scale,NT,0.0%,N/A
10638,45-point SB scale,44,100.0%,
10639,45-point SB scale,43,97.7%,
10640,45-point SB scale,42,95.5%,
10641,45-point SB scale,41,93.2%,
10642,45-point SB scale,40,90.9%,
10643,45-point SB scale,39,88.6%,
10644,45-point SB scale,38,86.4%,
10645,45-point SB scale,37,84.1%,
10646,45-point SB scale,36,81.8%,
10647,45-point SB scale,35,79.5%,
10648,45-point SB scale,34,77.3%,
10649,45-point SB scale,33,75.0%,
10650,45-point SB scale,32,72.7%,
10651,45-point SB scale,31,70.5%,
10652,45-point SB scale,30,68.2%,
10653,45-point SB scale,29,65.9%,
10654,45-point SB scale,28,63.6%,
10655,45-point SB scale,27,61.4%,
10656,45-point SB scale,26,59.1%,
10657,45-point SB scale,25,56.8%,
10658,45-point SB scale,24,54.5%,
10659,45-point SB scale,23,52.3%,
10660,45-point SB scale,22,50.0%,
10661,45-point SB scale,21,47.7%,
10662,45-point SB scale,20,45.5%,
10663,45-point SB scale,19,43.2%,
10664,45-point SB scale,18,40.9%,
10665,45-point SB scale,17,38.6%,
10666,45-point SB scale,16,36.4%,
10667,45-point SB scale,15,34.1%,
10668,45-point SB scale,14,31.8%,
10669,45-point SB scale,13,29.5%,
10670,45-point SB scale,12,27.3%,
10671,45-point SB scale,11,25.0%,
10672,45-point SB scale,10,22.7%,
10673,45-point SB scale,9,20.5%,
10674,45-point SB scale,8,18.2%,
10675,45-point SB scale,7,15.9%,
10676,45-point SB scale,6,13.6%,
10677,45-point SB scale,5,11.4%,
10678,45-point SB scale,4,9.1%,
10679,45-point SB scale,3,6.8%,
10680,45-point SB scale,2,4.5%,
10681,45-point SB scale,1,2.3%,
10682,45-point SB scale,0,0.0%,
10683,45-point SB scale,NT,0.0%,N/A
1587,7-point GD scale,1,100.0%,
1588,7-point GD scale,2,83.3%,
1589,7-point GD scale,3,66.7%,
1590,7-point GD scale,4,50.0%,
1591,7-point GD scale,5,33.3%,
1592,7-point GD scale,6,16.7%,
1593,7-point GD scale,7,0.0%,
1594,7-point GD scale,DNT,0.0%,N/A
1595,7-point GD scale,N/A,0.0%,N/A
20807,7-point DOSS scale,7,100.0%,
20808,7-point DOSS scale,6,85.7%,
20809,7-point DOSS scale,5,71.4%,
20810,7-point DOSS scale,4,57.1%,
20811,7-point DOSS scale,3,42.9%,
20812,7-point DOSS scale,2,28.6%,
20813,7-point DOSS scale,1,14.3%,
12618,21-point EMS scale,20,100.0%,
12619,21-point EMS scale,19,95.0%,
12620,21-point EMS scale,18,90.0%,
12621,21-point EMS scale,17,85.0%,
12622,21-point EMS scale,16,80.0%,
12623,21-point EMS scale,15,75.0%,
12624,21-point EMS scale,14,70.0%,
12625,21-point EMS scale,13,65.0%,
12626,21-point EMS scale,12,60.0%,
12627,21-point EMS scale,11,55.0%,
12628,21-point EMS scale,10,50.0%,
12629,21-point EMS scale,9,45.0%,
12630,21-point EMS scale,8,40.0%,
12631,21-point EMS scale,7,35.0%,
12632,21-point EMS scale,6,30.0%,
12633,21-point EMS scale,5,25.0%,
12634,21-point EMS scale,4,20.0%,
12635,21-point EMS scale,3,15.0%,
12636,21-point EMS scale,2,10.0%,
12637,21-point EMS scale,1,5.0%,
12638,21-point EMS scale,0,0.0%,
12639,21-point EMS scale,N/A,0.0%,N/A
10685,57-point FST scale,55,98.2%,
10686,57-point FST scale,54,96.4%,
10687,57-point FST scale,53,94.6%,
10688,57-point FST scale,52,92.9%,
10690,57-point FST scale,50,89.3%,
10691,57-point FST scale,49,87.5%,
10693,57-point FST scale,47,83.9%,
10694,57-point FST scale,46,82.1%,
10695,57-point FST scale,45,80.4%,
10696,57-point FST scale,44,78.6%,
10698,57-point FST scale,42,75.0%,
10699,57-point FST scale,41,73.2%,
10701,57-point FST scale,39,69.6%,
10702,57-point FST scale,38,67.9%,
10703,57-point FST scale,37,66.1%,
10704,57-point FST scale,36,64.3%,
10705,57-point FST scale,35,62.5%,
10707,57-point FST scale,33,58.9%,
10708,57-point FST scale,32,57.1%,
10709,57-point FST scale,31,55.4%,
10711,57-point FST scale,29,51.8%,
10715,57-point FST scale,25,44.6%,
10716,57-point FST scale,24,42.9%,
10717,57-point FST scale,23,41.1%,
10718,57-point FST scale,22,39.3%,
10720,57-point FST scale,20,35.7%,
10723,57-point FST scale,17,30.4%,
10724,57-point FST scale,16,28.6%,
10725,57-point FST scale,15,26.8%,
10726,57-point FST scale,14,25.0%,
10727,57-point FST scale,13,23.2%,
10730,57-point FST scale,10,17.9%,
10731,57-point FST scale,9,16.1%,
10732,57-point FST scale,8,14.3%,
10733,57-point FST scale,7,12.5%,
10734,57-point FST scale,6,10.7%,
10735,57-point FST scale,5,8.9%,
10736,57-point FST scale,4,7.1%,
10737,57-point FST scale,3,5.4%,
10738,57-point FST scale,2,3.6%,
10739,57-point FST scale,1,1.8%,
10741,57-point FST scale,NT,0.0%,N/A
9278,62-point TUG scale,5 seconds,100.0%,
9279,62-point TUG scale,6 seconds,98.4%,
9280,62-point TUG scale,7 seconds,96.7%,
9281,62-point TUG scale,8 seconds,95.1%,
9282,62-point TUG scale,9 seconds,93.4%,
9283,62-point TUG scale,10 seconds,91.8%,
9284,62-point TUG scale,11 seconds,90.2%,
9285,62-point TUG scale,12 seconds,88.5%,
9286,62-point TUG scale,13 seconds,86.9%,
9287,62-point TUG scale,14 seconds,85.2%,
9288,62-point TUG scale,15 seconds,83.6%,
9289,62-point TUG scale,16 seconds,82.0%,
9290,62-point TUG scale,17 seconds,80.3%,
9291,62-point TUG scale,18 seconds,78.7%,
9292,62-point TUG scale,19 seconds,77.0%,
9293,62-point TUG scale,20 seconds,75.4%,
9294,62-point TUG scale,21 seconds,73.8%,
9295,62-point TUG scale,22 seconds,72.1%,
9296,62-point TUG scale,23 seconds,70.5%,
9297,62-point TUG scale,24 seconds,68.9%,
9298,62-point TUG scale,25 seconds,67.2%,
9299,62-point TUG scale,26 seconds,65.6%,
9300,62-point TUG scale,27 seconds,63.9%,
9301,62-point TUG scale,28 seconds,62.3%,
9302,62-point TUG scale,29 seconds,60.7%,
9303,62-point TUG scale,30 seconds,59.0%,
9304,62-point TUG scale,31 seconds,57.4%,
9305,62-point TUG scale,32 seconds,55.7%,
9306,62-point TUG scale,33 seconds,54.1%,
9307,62-point TUG scale,34 seconds,52.5%,
9308,62-point TUG scale,35 seconds,50.8%,
9309,62-point TUG scale,36 seconds,49.2%,
9310,62-point TUG scale,37 seconds,47.5%,
9311,62-point TUG scale,38 seconds,45.9%,
9312,62-point TUG scale,39 seconds,44.3%,
9313,62-point TUG scale,40 seconds,42.6%,
9314,62-point TUG scale,41 seconds,41.0%,
9315,62-point TUG scale,42 seconds,39.3%,
9316,62-point TUG scale,43 seconds,37.7%,
9317,62-point TUG scale,44 seconds,36.1%,
9318,62-point TUG scale,45 seconds,34.4%,
9319,62-point TUG scale,46 seconds,32.8%,
9320,62-point TUG scale,47 seconds,31.1%,
9321,62-point TUG scale,48 seconds,29.5%,
9322,62-point TUG scale,49 seconds,27.9%,
9323,62-point TUG scale,50 seconds,26.2%,
9324,62-point TUG scale,51 seconds,24.6%,
9325,62-point TUG scale,52 seconds,23.0%,
9326,62-point TUG scale,53 seconds,21.3%,
9327,62-point TUG scale,54 seconds,19.7%,
9328,62-point TUG scale,55 seconds,18.0%,
9329,62-point TUG scale,56 seconds,16.4%,
9330,62-point TUG scale,57 seconds,14.8%,
9331,62-point TUG scale,58 seconds,13.1%,
9332,62-point TUG scale,59 seconds,11.5%,
9333,62-point TUG scale,1.00 minute,9.8%,
9334,62-point TUG scale,1.25 minutes,8.2%,
9335,62-point TUG scale,1.50 minutes,6.6%,
9336,62-point TUG scale,1.75 minutes,4.9%,
9337,62-point TUG scale,2.00 minutes,3.3%,
9338,62-point TUG scale,>2.00 minutes,1.6%,
9339,62-point TUG scale,Unable,0.0%,
9340,62-point TUG scale,N/A,0.0%,N/A
9341,62-point TUG scale,NT,0.0%,N/A
21023,80-point LEFS scale,80,100.0%,
21024,80-point LEFS scale,79,98.7%,
21025,80-point LEFS scale,78,97.5%,
21026,80-point LEFS scale,77,96.2%,
21027,80-point LEFS scale,76,94.9%,
21028,80-point LEFS scale,75,93.7%,
21029,80-point LEFS scale,74,92.4%,
21030,80-point LEFS scale,73,91.1%,
21031,80-point LEFS scale,72,89.9%,
21032,80-point LEFS scale,71,88.6%,
21033,80-point LEFS scale,70,87.3%,
21034,80-point LEFS scale,69,86.1%,
21035,80-point LEFS scale,68,84.8%,
21036,80-point LEFS scale,67,83.5%,
21037,80-point LEFS scale,66,82.3%,
21038,80-point LEFS scale,65,81.0%,
21039,80-point LEFS scale,64,79.7%,
21040,80-point LEFS scale,63,78.5%,
21041,80-point LEFS scale,62,77.2%,
21042,80-point LEFS scale,61,75.9%,
21043,80-point LEFS scale,60,74.7%,
21044,80-point LEFS scale,59,73.4%,
21045,80-point LEFS scale,58,72.2%,
21046,80-point LEFS scale,57,70.9%,
21047,80-point LEFS scale,56,69.6%,
21048,80-point LEFS scale,55,68.4%,
21049,80-point LEFS scale,54,67.1%,
21050,80-point LEFS scale,53,65.8%,
21051,80-point LEFS scale,52,64.6%,
21052,80-point LEFS scale,51,63.3%,
21053,80-point LEFS scale,50,62.0%,
21054,80-point LEFS scale,49,60.8%,
21055,80-point LEFS scale,48,59.5%,
21056,80-point LEFS scale,47,58.2%,
21057,80-point LEFS scale,46,57.0%,
21058,80-point LEFS scale,45,55.7%,
21059,80-point LEFS scale,44,54.4%,
21060,80-point LEFS scale,43,53.2%,
21061,80-point LEFS scale,42,51.9%,
21062,80-point LEFS scale,41,50.6%,
21063,80-point LEFS scale,40,49.4%,
21064,80-point LEFS scale,39,48.1%,
21065,80-point LEFS scale,38,46.8%,
21066,80-point LEFS scale,37,45.6%,
21067,80-point LEFS scale,36,44.3%,
21068,80-point LEFS scale,35,43.0%,
21069,80-point LEFS scale,34,41.8%,
21070,80-point LEFS scale,33,40.5%,
21071,80-point LEFS scale,32,39.2%,
21072,80-point LEFS scale,31,38.0%,
21073,80-point LEFS scale,30,36.7%,
21074,80-point LEFS scale,29,35.4%,
21075,80-point LEFS scale,28,34.2%,
21076,80-point LEFS scale,27,32.9%,
21077,80-point LEFS scale,26,31.6%,
21078,80-point LEFS scale,25,30.4%,
21079,80-point LEFS scale,24,29.1%,
21080,80-point LEFS scale,23,27.8%,
21081,80-point LEFS scale,22,26.6%,
21082,80-point LEFS scale,21,25.3%,
21083,80-point LEFS scale,20,24.1%,
21084,80-point LEFS scale,19,22.8%,
21085,80-point LEFS scale,18,21.5%,
21086,80-point LEFS scale,17,20.3%,
21087,80-point LEFS scale,16,19.0%,
21088,80-point LEFS scale,15,17.7%,
21089,80-point LEFS scale,14,16.5%,
21090,80-point LEFS scale,13,15.2%,
21091,80-point LEFS scale,12,13.9%,
21092,80-point LEFS scale,11,12.7%,
21093,80-point LEFS scale,10,11.4%,
21094,80-point LEFS scale,9,10.1%,
21095,80-point LEFS scale,8,8.9%,
21096,80-point LEFS scale,7,7.6%,
21097,80-point LEFS scale,6,6.3%,
21098,80-point LEFS scale,5,5.1%,
21099,80-point LEFS scale,4,3.8%,
21100,80-point LEFS scale,3,2.5%,
21101,80-point LEFS scale,2,1.3%,
21102,80-point LEFS scale,1,0.0%,
21103,80-point LEFS scale,NT,0.0%,N/A
24963,100-point Barthel scale,100 - Independent,100.0%,
25649,100-point Barthel scale,100 - Independent,100.0%,
24962,100-point Barthel scale,99 - Generally minimal dependency (up to 10 hrs/week help needed; may be OK for community living),99.0%,
25648,100-point Barthel scale,99 - Generally minimal dependency (up to 10 hrs/week help needed; may be OK for community living),99.0%,
24961,100-point Barthel scale,98 - Generally minimal dependency (up to 10 hrs/week help needed; may be OK for community living),98.0%,
25647,100-point Barthel scale,98 - Generally minimal dependency (up to 10 hrs/week help needed; may be OK for community living),98.0%,
24960,100-point Barthel scale,97 - Generally minimal dependency (up to 10 hrs/week help needed; may be OK for community living),97.0%,
25646,100-point Barthel scale,97 - Generally minimal dependency (up to 10 hrs/week help needed; may be OK for community living),97.0%,
24959,100-point Barthel scale,96 - Generally minimal dependency (up to 10 hrs/week help needed; may be OK for community living),96.0%,
25645,100-point Barthel scale,96 - Generally minimal dependency (up to 10 hrs/week help needed; may be OK for community living),96.0%,
24958,100-point Barthel scale,95 - Generally minimal dependency (up to 10 hrs/week help needed; may be OK for community living),95.0%,
25644,100-point Barthel scale,95 - Generally minimal dependency (up to 10 hrs/week help needed; may be OK for community living),95.0%,
24957,100-point Barthel scale,94 - Generally minimal dependency (up to 10 hrs/week help needed; may be OK for community living),94.0%,
25643,100-point Barthel scale,94 - Generally minimal dependency (up to 10 hrs/week help needed; may be OK for community living),94.0%,
24956,100-point Barthel scale,93 - Generally minimal dependency (up to 10 hrs/week help needed; may be OK for community living),93.0%,
25642,100-point Barthel scale,93 - Generally minimal dependency (up to 10 hrs/week help needed; may be OK for community living),93.0%,
24955,100-point Barthel scale,92 - Generally minimal dependency (up to 10 hrs/week help needed; may be OK for community living),92.0%,
25641,100-point Barthel scale,92 - Generally minimal dependency (up to 10 hrs/week help needed; may be OK for community living),92.0%,
24954,100-point Barthel scale,91 - Generally minimal dependency (up to 10 hrs/week help needed; may be OK for community living),91.0%,
25640,100-point Barthel scale,91 - Generally minimal dependency (up to 10 hrs/week help needed; may be OK for community living),91.0%,
24953,100-point Barthel scale,90 - Generally mildly dependent (up to 13 hrs/week help needed; if to live alone will likely need services),90.0%,
25639,100-point Barthel scale,90 - Generally mildly dependent (up to 13 hrs/week help needed; if to live alone will likely need services),90.0%,
24952,100-point Barthel scale,89 - Generally mildly dependent (up to 13 hrs/week help needed; if to live alone will likely need services),89.0%,
25638,100-point Barthel scale,89 - Generally mildly dependent (up to 13 hrs/week help needed; if to live alone will likely need services),89.0%,
24951,100-point Barthel scale,88 - Generally mildly dependent (up to 13 hrs/week help needed; if to live alone will likely need services),88.0%,
25637,100-point Barthel scale,88 - Generally mildly dependent (up to 13 hrs/week help needed; if to live alone will likely need services),88.0%,
24950,100-point Barthel scale,87 - Generally mildly dependent (up to 13 hrs/week help needed; if to live alone will likely need services),87.0%,
25636,100-point Barthel scale,87 - Generally mildly dependent (up to 13 hrs/week help needed; if to live alone will likely need services),87.0%,
24949,100-point Barthel scale,86 - Generally mildly dependent (up to 13 hrs/week help needed; if to live alone will likely need services),86.0%,
25635,100-point Barthel scale,86 - Generally mildly dependent (up to 13 hrs/week help needed; if to live alone will likely need services),86.0%,
24948,100-point Barthel scale,85 - Generally mildly dependent (up to 13 hrs/week help needed; if to live alone will likely need services),85.0%,
25634,100-point Barthel scale,85 - Generally mildly dependent (up to 13 hrs/week help needed; if to live alone will likely need services),85.0%,
24947,100-point Barthel scale,84 - Generally mildly dependent (up to 13 hrs/week help needed; if to live alone will likely need services),84.0%,
25633,100-point Barthel scale,84 - Generally mildly dependent (up to 13 hrs/week help needed; if to live alone will likely need services),84.0%,
24946,100-point Barthel scale,83 - Generally mildly dependent (up to 13 hrs/week help needed; if to live alone will likely need services),83.0%,
25632,100-point Barthel scale,83 - Generally mildly dependent (up to 13 hrs/week help needed; if to live alone will likely need services),83.0%,
24945,100-point Barthel scale,82 - Generally mildly dependent (up to 13 hrs/week help needed; if to live alone will likely need services),82.0%,
25631,100-point Barthel scale,82 - Generally mildly dependent (up to 13 hrs/week help needed; if to live alone will likely need services),82.0%,
24944,100-point Barthel scale,81 - Generally mildly dependent (up to 13 hrs/week help needed; if to live alone will likely need services),81.0%,
25630,100-point Barthel scale,81 - Generally mildly dependent (up to 13 hrs/week help needed; if to live alone will likely need services),81.0%,
24943,100-point Barthel scale,80 - Generally mildly dependent (up to 13 hrs/week help needed; if to live alone will likely need services),80.0%,
25629,100-point Barthel scale,80 - Generally mildly dependent (up to 13 hrs/week help needed; if to live alone will likely need services),80.0%,
24942,100-point Barthel scale,79 - Generally mildly dependent (up to 13 hrs/week help needed; if to live alone will likely need services),79.0%,
25628,100-point Barthel scale,79 - Generally mildly dependent (up to 13 hrs/week help needed; if to live alone will likely need services),79.0%,
24941,100-point Barthel scale,78 - Generally mildly dependent (up to 13 hrs/week help needed; if to live alone will likely need services),78.0%,
25627,100-point Barthel scale,78 - Generally mildly dependent (up to 13 hrs/week help needed; if to live alone will likely need services),78.0%,
24940,100-point Barthel scale,77 - Generally mildly dependent (up to 13 hrs/week help needed; if to live alone will likely need services),77.0%,
25626,100-point Barthel scale,77 - Generally mildly dependent (up to 13 hrs/week help needed; if to live alone will likely need services),77.0%,
24939,100-point Barthel scale,76 - Generally mildly dependent (up to 13 hrs/week help needed; if to live alone will likely need services),76.0%,
25625,100-point Barthel scale,76 - Generally mildly dependent (up to 13 hrs/week help needed; if to live alone will likely need services),76.0%,
24938,100-point Barthel scale,75 - Generally mildly dependent (up to 13 hrs/week help needed; if to live alone will likely need services),75.0%,
25624,100-point Barthel scale,75 - Generally mildly dependent (up to 13 hrs/week help needed; if to live alone will likely need services),75.0%,
24937,100-point Barthel scale,74 - Generally moderately dependent (up to 20 hrs/wk help needed; may need assisted living),74.0%,
25623,100-point Barthel scale,74 - Generally moderately dependent (up to 20 hrs/wk help needed; may need assisted living),74.0%,
24936,100-point Barthel scale,73 - Generally moderately dependent (up to 20 hrs/wk help needed; may need assisted living),73.0%,
25622,100-point Barthel scale,73 - Generally moderately dependent (up to 20 hrs/wk help needed; may need assisted living),73.0%,
24935,100-point Barthel scale,72 - Generally moderately dependent (up to 20 hrs/wk help needed; may need assisted living),72.0%,
25621,100-point Barthel scale,72 - Generally moderately dependent (up to 20 hrs/wk help needed; may need assisted living),72.0%,
24934,100-point Barthel scale,71 - Generally moderately dependent (up to 20 hrs/wk help needed; may need assisted living),71.0%,
25620,100-point Barthel scale,71 - Generally moderately dependent (up to 20 hrs/wk help needed; may need assisted living),71.0%,
24933,100-point Barthel scale,70 - Generally moderately dependent (up to 20 hrs/wk help needed; may need assisted living),70.0%,
25619,100-point Barthel scale,70 - Generally moderately dependent (up to 20 hrs/wk help needed; may need assisted living),70.0%,
24932,100-point Barthel scale,69 - Generally moderately dependent (up to 20 hrs/wk help needed; may need assisted living),69.0%,
25618,100-point Barthel scale,69 - Generally moderately dependent (up to 20 hrs/wk help needed; may need assisted living),69.0%,
24931,100-point Barthel scale,68 - Generally moderately dependent (up to 20 hrs/wk help needed; may need assisted living),68.0%,
25617,100-point Barthel scale,68 - Generally moderately dependent (up to 20 hrs/wk help needed; may need assisted living),68.0%,
24930,100-point Barthel scale,67 - Generally moderately dependent (up to 20 hrs/wk help needed; may need assisted living),67.0%,
25616,100-point Barthel scale,67 - Generally moderately dependent (up to 20 hrs/wk help needed; may need assisted living),67.0%,
24929,100-point Barthel scale,66 - Generally moderately dependent (up to 20 hrs/wk help needed; may need assisted living),66.0%,
25615,100-point Barthel scale,66 - Generally moderately dependent (up to 20 hrs/wk help needed; may need assisted living),66.0%,
24928,100-point Barthel scale,65 - Generally moderately dependent (up to 20 hrs/wk help needed; may need assisted living),65.0%,
25614,100-point Barthel scale,65 - Generally moderately dependent (up to 20 hrs/wk help needed; may need assisted living),65.0%,
24927,100-point Barthel scale,64 - Generally moderately dependent (up to 20 hrs/wk help needed; may need assisted living),64.0%,
25613,100-point Barthel scale,64 - Generally moderately dependent (up to 20 hrs/wk help needed; may need assisted living),64.0%,
24926,100-point Barthel scale,63 - Generally moderately dependent (up to 20 hrs/wk help needed; may need assisted living),63.0%,
25612,100-point Barthel scale,63 - Generally moderately dependent (up to 20 hrs/wk help needed; may need assisted living),63.0%,
24925,100-point Barthel scale,62 - Generally moderately dependent (up to 20 hrs/wk help needed; may need assisted living),62.0%,
25611,100-point Barthel scale,62 - Generally moderately dependent (up to 20 hrs/wk help needed; may need assisted living),62.0%,
24924,100-point Barthel scale,61 - Generally moderately dependent (up to 20 hrs/wk help needed; may need assisted living),61.0%,
25610,100-point Barthel scale,61 - Generally moderately dependent (up to 20 hrs/wk help needed; may need assisted living),61.0%,
24923,100-point Barthel scale,60 - Generally moderately dependent (up to 20 hrs/wk help needed; may need assisted living),60.0%,
25609,100-point Barthel scale,60 - Generally moderately dependent (up to 20 hrs/wk help needed; may need assisted living),60.0%,
24922,100-point Barthel scale,59 - Generally moderately dependent (up to 20 hrs/wk help needed; may need assisted living),59.0%,
25608,100-point Barthel scale,59 - Generally moderately dependent (up to 20 hrs/wk help needed; may need assisted living),59.0%,
24921,100-point Barthel scale,58 - Generally moderately dependent (up to 20 hrs/wk help needed; may need assisted living),58.0%,
25607,100-point Barthel scale,58 - Generally moderately dependent (up to 20 hrs/wk help needed; may need assisted living),58.0%,
24920,100-point Barthel scale,57 - Generally moderately dependent (up to 20 hrs/wk help needed; may need assisted living),57.0%,
25606,100-point Barthel scale,57 - Generally moderately dependent (up to 20 hrs/wk help needed; may need assisted living),57.0%,
24919,100-point Barthel scale,56 - Generally moderately dependent (up to 20 hrs/wk help needed; may need assisted living),56.0%,
25605,100-point Barthel scale,56 - Generally moderately dependent (up to 20 hrs/wk help needed; may need assisted living),56.0%,
24918,100-point Barthel scale,55 - Generally moderately dependent (up to 20 hrs/wk help needed; may need assisted living),55.0%,
25604,100-point Barthel scale,55 - Generally moderately dependent (up to 20 hrs/wk help needed; may need assisted living),55.0%,
24917,100-point Barthel scale,54 - Generally moderately dependent (up to 20 hrs/wk help needed; may need assisted living),54.0%,
25603,100-point Barthel scale,54 - Generally moderately dependent (up to 20 hrs/wk help needed; may need assisted living),54.0%,
24916,100-point Barthel scale,53 - Generally moderately dependent (up to 20 hrs/wk help needed; may need assisted living),53.0%,
25602,100-point Barthel scale,53 - Generally moderately dependent (up to 20 hrs/wk help needed; may need assisted living),53.0%,
24915,100-point Barthel scale,52 - Generally moderately dependent (up to 20 hrs/wk help needed; may need assisted living),52.0%,
25601,100-point Barthel scale,52 - Generally moderately dependent (up to 20 hrs/wk help needed; may need assisted living),52.0%,
24914,100-point Barthel scale,51 - Generally moderately dependent (up to 20 hrs/wk help needed; may need assisted living),51.0%,
25600,100-point Barthel scale,51 - Generally moderately dependent (up to 20 hrs/wk help needed; may need assisted living),51.0%,
24913,100-point Barthel scale,50 - Generally moderately dependent (up to 20 hrs/wk help needed; may need assisted living),50.0%,
25599,100-point Barthel scale,50 - Generally moderately dependent (up to 20 hrs/wk help needed; may need assisted living),50.0%,
24912,100-point Barthel scale,49 - Generally severely dependent (up to 23.5 hrs/wk help needed; unlikely to go home),49.0%,
25598,100-point Barthel scale,49 - Generally severely dependent (up to 23.5 hrs/wk help needed; unlikely to go home),49.0%,
24911,100-point Barthel scale,48 - Generally severely dependent (up to 23.5 hrs/wk help needed; unlikely to go home),48.0%,
25597,100-point Barthel scale,48 - Generally severely dependent (up to 23.5 hrs/wk help needed; unlikely to go home),48.0%,
24910,100-point Barthel scale,47 - Generally severely dependent (up to 23.5 hrs/wk help needed; unlikely to go home),47.0%,
25596,100-point Barthel scale,47 - Generally severely dependent (up to 23.5 hrs/wk help needed; unlikely to go home),47.0%,
24909,100-point Barthel scale,46 - Generally severely dependent (up to 23.5 hrs/wk help needed; unlikely to go home),46.0%,
25595,100-point Barthel scale,46 - Generally severely dependent (up to 23.5 hrs/wk help needed; unlikely to go home),46.0%,
24908,100-point Barthel scale,45 - Generally severely dependent (up to 23.5 hrs/wk help needed; unlikely to go home),45.0%,
25594,100-point Barthel scale,45 - Generally severely dependent (up to 23.5 hrs/wk help needed; unlikely to go home),45.0%,
24907,100-point Barthel scale,44 - Generally severely dependent (up to 23.5 hrs/wk help needed; unlikely to go home),44.0%,
25593,100-point Barthel scale,44 - Generally severely dependent (up to 23.5 hrs/wk help needed; unlikely to go home),44.0%,
24906,100-point Barthel scale,43 - Generally severely dependent (up to 23.5 hrs/wk help needed; unlikely to go home),43.0%,
25592,100-point Barthel scale,43 - Generally severely dependent (up to 23.5 hrs/wk help needed; unlikely to go home),43.0%,
24905,100-point Barthel scale,42 - Generally severely dependent (up to 23.5 hrs/wk help needed; unlikely to go home),42.0%,
25591,100-point Barthel scale,42 - Generally severely dependent (up to 23.5 hrs/wk help needed; unlikely to go home),42.0%,
24904,100-point Barthel scale,41 - Generally severely dependent (up to 23.5 hrs/wk help needed; unlikely to go home),41.0%,
25590,100-point Barthel scale,41 - Generally severely dependent (up to 23.5 hrs/wk help needed; unlikely to go home),41.0%,
24903,100-point Barthel scale,40 - Generally severely dependent (up to 23.5 hrs/wk help needed; unlikely to go home),40.0%,
25589,100-point Barthel scale,40 - Generally severely dependent (up to 23.5 hrs/wk help needed; unlikely to go home),40.0%,
24902,100-point Barthel scale,39 - Generally severely dependent (up to 23.5 hrs/wk help needed; unlikely to go home),39.0%,
25588,100-point Barthel scale,39 - Generally severely dependent (up to 23.5 hrs/wk help needed; unlikely to go home),39.0%,
24901,100-point Barthel scale,38 - Generally severely dependent (up to 23.5 hrs/wk help needed; unlikely to go home),38.0%,
25587,100-point Barthel scale,38 - Generally severely dependent (up to 23.5 hrs/wk help needed; unlikely to go home),38.0%,
24900,100-point Barthel scale,37 - Generally severely dependent (up to 23.5 hrs/wk help needed; unlikely to go home),37.0%,
25586,100-point Barthel scale,37 - Generally severely dependent (up to 23.5 hrs/wk help needed; unlikely to go home),37.0%,
24899,100-point Barthel scale,36 - Generally severely dependent (up to 23.5 hrs/wk help needed; unlikely to go home),36.0%,
25585,100-point Barthel scale,36 - Generally severely dependent (up to 23.5 hrs/wk help needed; unlikely to go home),36.0%,
24898,100-point Barthel scale,35 - Generally severely dependent (up to 23.5 hrs/wk help needed; unlikely to go home),35.0%,
25584,100-point Barthel scale,35 - Generally severely dependent (up to 23.5 hrs/wk help needed; unlikely to go home),35.0%,
24897,100-point Barthel scale,34 - Generally severely dependent (up to 23.5 hrs/wk help needed; unlikely to go home),34.0%,
25583,100-point Barthel scale,34 - Generally severely dependent (up to 23.5 hrs/wk help needed; unlikely to go home),34.0%,
24896,100-point Barthel scale,33 - Generally severely dependent (up to 23.5 hrs/wk help needed; unlikely to go home),33.0%,
25582,100-point Barthel scale,33 - Generally severely dependent (up to 23.5 hrs/wk help needed; unlikely to go home),33.0%,
24895,100-point Barthel scale,32 - Generally severely dependent (up to 23.5 hrs/wk help needed; unlikely to go home),32.0%,
25581,100-point Barthel scale,32 - Generally severely dependent (up to 23.5 hrs/wk help needed; unlikely to go home),32.0%,
24894,100-point Barthel scale,31 - Generally severely dependent (up to 23.5 hrs/wk help needed; unlikely to go home),31.0%,
25580,100-point Barthel scale,31 - Generally severely dependent (up to 23.5 hrs/wk help needed; unlikely to go home),31.0%,
24893,100-point Barthel scale,30 - Generally severely dependent (up to 23.5 hrs/wk help needed; unlikely to go home),30.0%,
25579,100-point Barthel scale,30 - Generally severely dependent (up to 23.5 hrs/wk help needed; unlikely to go home),30.0%,
24892,100-point Barthel scale,29 - Generally severely dependent (up to 23.5 hrs/wk help needed; unlikely to go home),29.0%,
25578,100-point Barthel scale,29 - Generally severely dependent (up to 23.5 hrs/wk help needed; unlikely to go home),29.0%,
24891,100-point Barthel scale,28 - Generally severely dependent (up to 23.5 hrs/wk help needed; unlikely to go home),28.0%,
25577,100-point Barthel scale,28 - Generally severely dependent (up to 23.5 hrs/wk help needed; unlikely to go home),28.0%,
24890,100-point Barthel scale,27 - Generally severely dependent (up to 23.5 hrs/wk help needed; unlikely to go home),27.0%,
25576,100-point Barthel scale,27 - Generally severely dependent (up to 23.5 hrs/wk help needed; unlikely to go home),27.0%,
24889,100-point Barthel scale,26 - Generally severely dependent (up to 23.5 hrs/wk help needed; unlikely to go home),26.0%,
25575,100-point Barthel scale,26 - Generally severely dependent (up to 23.5 hrs/wk help needed; unlikely to go home),26.0%,
24888,100-point Barthel scale,25 - Generally severely dependent (up to 23.5 hrs/wk help needed; unlikely to go home),25.0%,
25574,100-point Barthel scale,25 - Generally severely dependent (up to 23.5 hrs/wk help needed; unlikely to go home),25.0%,
24887,100-point Barthel scale,24 - Generally totally dependent (up to 27 hrs/wk help needed; unlikely to go home),24.0%,
25573,100-point Barthel scale,24 - Generally totally dependent (up to 27 hrs/wk help needed; unlikely to go home),24.0%,
24886,100-point Barthel scale,23 - Generally totally dependent (up to 27 hrs/wk help needed; unlikely to go home),23.0%,
25572,100-point Barthel scale,23 - Generally totally dependent (up to 27 hrs/wk help needed; unlikely to go home),23.0%,
24885,100-point Barthel scale,22 - Generally totally dependent (up to 27 hrs/wk help needed; unlikely to go home),22.0%,
25571,100-point Barthel scale,22 - Generally totally dependent (up to 27 hrs/wk help needed; unlikely to go home),22.0%,
24884,100-point Barthel scale,21 - Generally totally dependent (up to 27 hrs/wk help needed; unlikely to go home),21.0%,
25570,100-point Barthel scale,21 - Generally totally dependent (up to 27 hrs/wk help needed; unlikely to go home),21.0%,
24883,100-point Barthel scale,20 - Generally totally dependent (up to 27 hrs/wk help needed; unlikely to go home),20.0%,
25569,100-point Barthel scale,20 - Generally totally dependent (up to 27 hrs/wk help needed; unlikely to go home),20.0%,
24882,100-point Barthel scale,19 - Generally totally dependent (up to 27 hrs/wk help needed; unlikely to go home),19.0%,
25568,100-point Barthel scale,19 - Generally totally dependent (up to 27 hrs/wk help needed; unlikely to go home),19.0%,
24881,100-point Barthel scale,18 - Generally totally dependent (up to 27 hrs/wk help needed; unlikely to go home),18.0%,
25567,100-point Barthel scale,18 - Generally totally dependent (up to 27 hrs/wk help needed; unlikely to go home),18.0%,
24880,100-point Barthel scale,17 - Generally totally dependent (up to 27 hrs/wk help needed; unlikely to go home),17.0%,
25566,100-point Barthel scale,17 - Generally totally dependent (up to 27 hrs/wk help needed; unlikely to go home),17.0%,
24879,100-point Barthel scale,16 - Generally totally dependent (up to 27 hrs/wk help needed; unlikely to go home),16.0%,
25565,100-point Barthel scale,16 - Generally totally dependent (up to 27 hrs/wk help needed; unlikely to go home),16.0%,
24878,100-point Barthel scale,15 - Generally totally dependent (up to 27 hrs/wk help needed; unlikely to go home),15.0%,
25564,100-point Barthel scale,15 - Generally totally dependent (up to 27 hrs/wk help needed; unlikely to go home),15.0%,
24877,100-point Barthel scale,14 - Generally totally dependent (up to 27 hrs/wk help needed; unlikely to go home),14.0%,
25563,100-point Barthel scale,14 - Generally totally dependent (up to 27 hrs/wk help needed; unlikely to go home),14.0%,
24876,100-point Barthel scale,13 - Generally totally dependent (up to 27 hrs/wk help needed; unlikely to go home),13.0%,
25562,100-point Barthel scale,13 - Generally totally dependent (up to 27 hrs/wk help needed; unlikely to go home),13.0%,
24875,100-point Barthel scale,12 - Generally totally dependent (up to 27 hrs/wk help needed; unlikely to go home),12.0%,
25561,100-point Barthel scale,12 - Generally totally dependent (up to 27 hrs/wk help needed; unlikely to go home),12.0%,
24874,100-point Barthel scale,11 - Generally totally dependent (up to 27 hrs/wk help needed; unlikely to go home),11.0%,
25560,100-point Barthel scale,11 - Generally totally dependent (up to 27 hrs/wk help needed; unlikely to go home),11.0%,
24873,100-point Barthel scale,10 - Generally totally dependent (up to 27 hrs/wk help needed; unlikely to go home),10.0%,
25559,100-point Barthel scale,10 - Generally totally dependent (up to 27 hrs/wk help needed; unlikely to go home),10.0%,
24872,100-point Barthel scale,9 - Generally totally dependent (up to 27 hrs/wk help needed; unlikely to go home),9.0%,
25558,100-point Barthel scale,9 - Generally totally dependent (up to 27 hrs/wk help needed; unlikely to go home),9.0%,
24871,100-point Barthel scale,8 - Generally totally dependent (up to 27 hrs/wk help needed; unlikely to go home),8.0%,
25557,100-point Barthel scale,8 - Generally totally dependent (up to 27 hrs/wk help needed; unlikely to go home),8.0%,
24870,100-point Barthel scale,7 - Generally totally dependent (up to 27 hrs/wk help needed; unlikely to go home),7.0%,
25556,100-point Barthel scale,7 - Generally totally dependent (up to 27 hrs/wk help needed; unlikely to go home),7.0%,
24869,100-point Barthel scale,6 - Generally totally dependent (up to 27 hrs/wk help needed; unlikely to go home),6.0%,
25555,100-point Barthel scale,6 - Generally totally dependent (up to 27 hrs/wk help needed; unlikely to go home),6.0%,
24868,100-point Barthel scale,5 - Generally totally dependent (up to 27 hrs/wk help needed; unlikely to go home),5.0%,
25554,100-point Barthel scale,5 - Generally totally dependent (up to 27 hrs/wk help needed; unlikely to go home),5.0%,
24867,100-point Barthel scale,4 - Generally totally dependent (up to 27 hrs/wk help needed; unlikely to go home),4.0%,
25553,100-point Barthel scale,4 - Generally totally dependent (up to 27 hrs/wk help needed; unlikely to go home),4.0%,
24866,100-point Barthel scale,3 - Generally totally dependent (up to 27 hrs/wk help needed; unlikely to go home),3.0%,
25552,100-point Barthel scale,3 - Generally totally dependent (up to 27 hrs/wk help needed; unlikely to go home),3.0%,
24865,100-point Barthel scale,2 - Generally totally dependent (up to 27 hrs/wk help needed; unlikely to go home),2.0%,
25551,100-point Barthel scale,2 - Generally totally dependent (up to 27 hrs/wk help needed; unlikely to go home),2.0%,
24864,100-point Barthel scale,1 - Generally totally dependent (up to 27 hrs/wk help needed; unlikely to go home),1.0%,
25550,100-point Barthel scale,1 - Generally totally dependent (up to 27 hrs/wk help needed; unlikely to go home),1.0%,
24863,100-point Barthel scale,0 - Generally totally dependent (up to 27 hrs/wk help needed; unlikely to go home),0.0%,
25549,100-point Barthel scale,0 - Generally totally dependent (up to 27 hrs/wk help needed; unlikely to go home),0.0%,
24966,100-point Barthel scale,D/C value not obtained due to unexpected discharge,0.0%,N/A
24964,100-point Barthel scale,To be assessed,0.0%,N/A
24965,100-point Barthel scale,Pt. refused,0.0%,N/A
25651,100-point Barthel scale,Not assessed,0.0%,N/A
25650,100-point Barthel scale,To be assessed,0.0%,N/A
25652,100-point Barthel scale,Unexpected D/C and D/C ADL performance not assessed,0.0%,N/A
15742,SL 4-point scale,,0.0%,
15741,SL 4-point scale,,33.3%,
15740,SL 4-point scale,,66.7%,
15739,SL 4-point scale,,100.0%,
25813,SL 7-point scale,I,100.0%,
25814,SL 7-point scale,MI,83.3%,
25815,SL 7-point scale,Min / Sup,66.7%,
25816,SL 7-point scale,Mild,50.0%,
25817,SL 7-point scale,Mod,33.3%,
25818,SL 7-point scale,Prof / Max,16.7%,
25819,SL 7-point scale,Dep,0.0%,
25820,SL 7-point scale,DNT,0.0%,N/A
25821,SL 7-point scale,N/A,0.0%,N/A
25899,SL 302-point scale,.1 Sec,100.0%,
25900,SL 302-point scale,.2 Secs,99.7%,
25901,SL 302-point scale,.3 Secs,99.3%,
25902,SL 302-point scale,.4 Secs,99.0%,
25903,SL 302-point scale,.5 Secs,98.7%,
25904,SL 302-point scale,.6 Secs,98.3%,
25905,SL 302-point scale,.7  Secs,98.0%,
25906,SL 302-point scale,.8 Secs,97.7%,
25907,SL 302-point scale,.9 Secs,97.3%,
25908,SL 302-point scale,1.0 Secs,97.0%,
25909,SL 302-point scale,1.1 Secs,96.7%,
25910,SL 302-point scale,1.2 Secs,96.3%,
25911,SL 302-point scale,1.3 Secs,96.0%,
25912,SL 302-point scale,1.4 Secs,95.7%,
25913,SL 302-point scale,1.5 Secs,95.3%,
25914,SL 302-point scale,1.6 Secs,95.0%,
25915,SL 302-point scale,1.7 Secs,94.7%,
25916,SL 302-point scale,1.8 Secs,94.4%,
25917,SL 302-point scale,1.9 Secs,94.0%,
25918,SL 302-point scale,2.0 Secs,93.7%,
25919,SL 302-point scale,2.1 Secs,93.4%,
25920,SL 302-point scale,2.2 Secs,93.0%,
25921,SL 302-point scale,2.3 Secs,92.7%,
25922,SL 302-point scale,2.4 Secs,92.4%,
25923,SL 302-point scale,2.5 Secs,92.0%,
25924,SL 302-point scale,2.6 Secs,91.7%,
25925,SL 302-point scale,2.7 Secs,91.4%,
25926,SL 302-point scale,2.8 Secs,91.0%,
25927,SL 302-point scale,2.9 Secs,90.7%,
25928,SL 302-point scale,3.0 Secs,90.4%,
25929,SL 302-point scale,3.1 Secs,90.0%,
25930,SL 302-point scale,3.2 Secs,89.7%,
25931,SL 302-point scale,3.3 Secs,89.4%,
25932,SL 302-point scale,3.4 Secs,89.0%,
25933,SL 302-point scale,3.5 Secs,88.7%,
25934,SL 302-point scale,3.6 Secs,88.4%,
25935,SL 302-point scale,3.7 Secs,88.0%,
25936,SL 302-point scale,3.8 Secs,87.7%,
25937,SL 302-point scale,3.9 Secs,87.4%,
25938,SL 302-point scale,4.0 Secs,87.0%,
25939,SL 302-point scale,4.1 Secs,86.7%,
25940,SL 302-point scale,4.2 Secs,86.4%,
25941,SL 302-point scale,4.3 Secs,86.0%,
25942,SL 302-point scale,4.4 Secs,85.7%,
25943,SL 302-point scale,4.5 Secs,85.4%,
25944,SL 302-point scale,4.6 Secs,85.0%,
25945,SL 302-point scale,4.7 Secs,84.7%,
25946,SL 302-point scale,4.8 Secs,84.4%,
25947,SL 302-point scale,4.9 Secs,84.1%,
25948,SL 302-point scale,5.0 Secs,83.7%,
25949,SL 302-point scale,5.1 Secs,83.4%,
25950,SL 302-point scale,5.2 Secs,83.1%,
25951,SL 302-point scale,5.3 Secs,82.7%,
25952,SL 302-point scale,5.4 Secs,82.4%,
25953,SL 302-point scale,5.5 Secs,82.1%,
25954,SL 302-point scale,5.6 Secs,81.7%,
25955,SL 302-point scale,5.7 Secs,81.4%,
25956,SL 302-point scale,5.8 Secs,81.1%,
25957,SL 302-point scale,5.9 Secs,80.7%,
25958,SL 302-point scale,6.0 Secs,80.4%,
25959,SL 302-point scale,6.1 Secs,80.1%,
25960,SL 302-point scale,6.2 Secs,79.7%,
25961,SL 302-point scale,6.3 Secs,79.4%,
25962,SL 302-point scale,6.4 Secs,79.1%,
25963,SL 302-point scale,6.5 Secs,78.7%,
25964,SL 302-point scale,6.6 Secs,78.4%,
25965,SL 302-point scale,6.7 Secs,78.1%,
25966,SL 302-point scale,6.8 Secs,77.7%,
25967,SL 302-point scale,6.9 Secs,77.4%,
25968,SL 302-point scale,7.0 Secs,77.1%,
25969,SL 302-point scale,7.1 Secs,76.7%,
25970,SL 302-point scale,7.2 Secs,76.4%,
25971,SL 302-point scale,7.3 Secs,76.1%,
25972,SL 302-point scale,7.4 Secs,75.7%,
25973,SL 302-point scale,7.5 Secs,75.4%,
25974,SL 302-point scale,7.6 Secs,75.1%,
25975,SL 302-point scale,7.7 Secs,74.8%,
25976,SL 302-point scale,7.8 Secs,74.4%,
25977,SL 302-point scale,7.9 Secs,74.1%,
25978,SL 302-point scale,8.0 Secs,73.8%,
25979,SL 302-point scale,8.1 Secs,73.4%,
25980,SL 302-point scale,8.2 Secs,73.1%,
25981,SL 302-point scale,8.3 Secs,72.8%,
25982,SL 302-point scale,8.4 Secs,72.4%,
25983,SL 302-point scale,8.5 Secs,72.1%,
25984,SL 302-point scale,8.6 Secs,71.8%,
25985,SL 302-point scale,8.7 Secs,71.4%,
25986,SL 302-point scale,8.8 Secs,71.1%,
25987,SL 302-point scale,8.9 Secs,70.8%,
25988,SL 302-point scale,9.0 Secs,70.4%,
25989,SL 302-point scale,9.1 Secs,70.1%,
25990,SL 302-point scale,9.2 Secs,69.8%,
25991,SL 302-point scale,9.3 Secs,69.4%,
25992,SL 302-point scale,9.4 Secs,69.1%,
25993,SL 302-point scale,9.5 Secs,68.8%,
25994,SL 302-point scale,9.6 Secs,68.4%,
25995,SL 302-point scale,9.7 Secs,68.1%,
25996,SL 302-point scale,9.8 Secs,67.8%,
25997,SL 302-point scale,9.9 Secs,67.4%,
25998,SL 302-point scale,10.0 Secs,67.1%,
25999,SL 302-point scale,10.1 Secs,66.8%,
26000,SL 302-point scale,10.2 Secs,66.4%,
26001,SL 302-point scale,10.3 Secs,66.1%,
26002,SL 302-point scale,10.4 Secs,65.8%,
26003,SL 302-point scale,10.5 Secs,65.4%,
26004,SL 302-point scale,10.6 Secs,65.1%,
26005,SL 302-point scale,10.7 Secs,64.8%,
26006,SL 302-point scale,10.8 Secs,64.5%,
26007,SL 302-point scale,10.9 Secs,64.1%,
26008,SL 302-point scale,11.0 Secs,63.8%,
26009,SL 302-point scale,11.1 Secs,63.5%,
26010,SL 302-point scale,11.2 Secs,63.1%,
26011,SL 302-point scale,11.3 Secs,62.8%,
26012,SL 302-point scale,11.4 Secs,62.5%,
26013,SL 302-point scale,11.5 Secs,62.1%,
26014,SL 302-point scale,11.6 Secs,61.8%,
26015,SL 302-point scale,11.7 Secs,61.5%,
26016,SL 302-point scale,11.8 Secs,61.1%,
26017,SL 302-point scale,11.9 Secs,60.8%,
26018,SL 302-point scale,12.0 Secs,60.5%,
26019,SL 302-point scale,12.1 Secs,60.1%,
26020,SL 302-point scale,12.2 Secs,59.8%,
26021,SL 302-point scale,12.3 Secs,59.5%,
26022,SL 302-point scale,12.4 Secs,59.1%,
26023,SL 302-point scale,12.5 Secs,58.8%,
26024,SL 302-point scale,12.6 Secs,58.5%,
26025,SL 302-point scale,12.7 Secs,58.1%,
26026,SL 302-point scale,12.8 Secs,57.8%,
26027,SL 302-point scale,12.9 Secs,57.5%,
26028,SL 302-point scale,13.0 Secs,57.1%,
26029,SL 302-point scale,13.1 Secs,56.8%,
26030,SL 302-point scale,13.2 Secs,56.5%,
26031,SL 302-point scale,13.3 Secs,56.1%,
26032,SL 302-point scale,13.4 Secs,55.8%,
26033,SL 302-point scale,13.5 Secs,55.5%,
26034,SL 302-point scale,13.6 Secs,55.1%,
26035,SL 302-point scale,13.7 Secs,54.8%,
26036,SL 302-point scale,13.8 Secs,54.5%,
26037,SL 302-point scale,13.9 Secs,54.2%,
26038,SL 302-point scale,14.0 Secs,53.8%,
26039,SL 302-point scale,14.1 Secs,53.5%,
26040,SL 302-point scale,14.2 Secs,53.2%,
26041,SL 302-point scale,14.3 Secs,52.8%,
26042,SL 302-point scale,14.4 Secs,52.5%,
26043,SL 302-point scale,14.5 Secs,52.2%,
26044,SL 302-point scale,14.6 Secs,51.8%,
26045,SL 302-point scale,14.7 Secs,51.5%,
26046,SL 302-point scale,14.8 Secs,51.2%,
26047,SL 302-point scale,14.9 Secs,50.8%,
26048,SL 302-point scale,15.0 Secs,50.5%,
26049,SL 302-point scale,15.1 Secs,50.2%,
26050,SL 302-point scale,15.2 Secs,49.8%,
26051,SL 302-point scale,15.3 Secs,49.5%,
26052,SL 302-point scale,15.4 Secs,49.2%,
26053,SL 302-point scale,15.5 Secs,48.8%,
26054,SL 302-point scale,15.6 Secs,48.5%,
26055,SL 302-point scale,15.7 Secs,48.2%,
26056,SL 302-point scale,15.8 Secs,47.8%,
26057,SL 302-point scale,15.9 Secs,47.5%,
26058,SL 302-point scale,16.0 Secs,47.2%,
26059,SL 302-point scale,16.1 Secs,46.8%,
26060,SL 302-point scale,16.2 Secs,46.5%,
26061,SL 302-point scale,16.3 Secs,46.2%,
26062,SL 302-point scale,16.4 Secs,45.8%,
26063,SL 302-point scale,16.5 Secs,45.5%,
26064,SL 302-point scale,16.6 Secs,45.2%,
26065,SL 302-point scale,16.7 Secs,44.9%,
26066,SL 302-point scale,16.8 Secs,44.5%,
26067,SL 302-point scale,16.9 Secs,44.2%,
26068,SL 302-point scale,17.0 Secs,43.9%,
26069,SL 302-point scale,17.1 Secs,43.5%,
26070,SL 302-point scale,17.2 Secs,43.2%,
26071,SL 302-point scale,17.3 Secs,42.9%,
26072,SL 302-point scale,17.4 Secs,42.5%,
26073,SL 302-point scale,17.5 Secs,42.2%,
26074,SL 302-point scale,17.6 Secs,41.9%,
26075,SL 302-point scale,17.7 Secs,41.5%,
26076,SL 302-point scale,17.8 Secs,41.2%,
26077,SL 302-point scale,17.9 Secs,40.9%,
26078,SL 302-point scale,18.0 Secs,40.5%,
26079,SL 302-point scale,18.1 Secs,40.2%,
26080,SL 302-point scale,18.2 Secs,39.9%,
26081,SL 302-point scale,18.3 Secs,39.5%,
26082,SL 302-point scale,18.4 Secs,39.2%,
26083,SL 302-point scale,18.5 Secs,38.9%,
26084,SL 302-point scale,18.6 Secs,38.5%,
26085,SL 302-point scale,18.7 Secs,38.2%,
26086,SL 302-point scale,18.8 Secs,37.9%,
26087,SL 302-point scale,18.9 Secs,37.5%,
26088,SL 302-point scale,19.0 Secs,37.2%,
26089,SL 302-point scale,19.1 Secs,36.9%,
26090,SL 302-point scale,19.2 Secs,36.5%,
26091,SL 302-point scale,19.3 Secs,36.2%,
26092,SL 302-point scale,19.4 Secs,35.9%,
26093,SL 302-point scale,19.5 Secs,35.5%,
26094,SL 302-point scale,19.6 Secs,35.2%,
26095,SL 302-point scale,19.7 Secs,34.9%,
26096,SL 302-point scale,19.8 Secs,34.6%,
26097,SL 302-point scale,19.9 Secs,34.2%,
26098,SL 302-point scale,20.0 Secs,33.9%,
26099,SL 302-point scale,20.1 Secs,33.6%,
26100,SL 302-point scale,20.2 Secs,33.2%,
26101,SL 302-point scale,20.3 Secs,32.9%,
26102,SL 302-point scale,20.4 Secs,32.6%,
26103,SL 302-point scale,20.5 Secs,32.2%,
26104,SL 302-point scale,20.6 Secs,31.9%,
26105,SL 302-point scale,20.7 Secs,31.6%,
26106,SL 302-point scale,20.8 Secs,31.2%,
26107,SL 302-point scale,20.9 Secs,30.9%,
26108,SL 302-point scale,21.0 Secs,30.6%,
26109,SL 302-point scale,21.1 Secs,30.2%,
26110,SL 302-point scale,21.2 Secs,29.9%,
26111,SL 302-point scale,21.3 Secs,29.6%,
26112,SL 302-point scale,21.4 Secs,29.2%,
26113,SL 302-point scale,21.5 Secs,28.9%,
26114,SL 302-point scale,21.6 Secs,28.6%,
26115,SL 302-point scale,21.7 Secs,28.2%,
26116,SL 302-point scale,21.8 Secs,27.9%,
26117,SL 302-point scale,21.9 Secs,27.6%,
26118,SL 302-point scale,22.0 Secs,27.2%,
26119,SL 302-point scale,22.1 Secs,26.9%,
26120,SL 302-point scale,22.2 Secs,26.6%,
26121,SL 302-point scale,22.3 Secs,26.2%,
26122,SL 302-point scale,22.4 Secs,25.9%,
26123,SL 302-point scale,22.5 Secs,25.6%,
26124,SL 302-point scale,22.6 Secs,25.2%,
26125,SL 302-point scale,22.7 Secs,24.9%,
26126,SL 302-point scale,22.8 Secs,24.6%,
26127,SL 302-point scale,22.9 Secs,24.3%,
26128,SL 302-point scale,23.0 Secs,23.9%,
26129,SL 302-point scale,23.1 Secs,23.6%,
26130,SL 302-point scale,23.2 Secs,23.3%,
26131,SL 302-point scale,23.3 Secs,22.9%,
26132,SL 302-point scale,23.4 Secs,22.6%,
26133,SL 302-point scale,23.5 Secs,22.3%,
26134,SL 302-point scale,23.6 Secs,21.9%,
26135,SL 302-point scale,23.7 Secs,21.6%,
26136,SL 302-point scale,23.8 Secs,21.3%,
26137,SL 302-point scale,23.9 Secs,20.9%,
26138,SL 302-point scale,24.0 Secs,20.6%,
26139,SL 302-point scale,24.1 Secs,20.3%,
26140,SL 302-point scale,24.2 Secs,19.9%,
26141,SL 302-point scale,24.3 Secs,19.6%,
26142,SL 302-point scale,24.4 Secs,19.3%,
26143,SL 302-point scale,24.5 Secs,18.9%,
26144,SL 302-point scale,24.6 Secs,18.6%,
26145,SL 302-point scale,24.7 Secs,18.3%,
26146,SL 302-point scale,24.8 Secs,17.9%,
26147,SL 302-point scale,24.9 Secs,17.6%,
26148,SL 302-point scale,25.0 Secs,17.3%,
26149,SL 302-point scale,25.1 Secs,16.9%,
26150,SL 302-point scale,25.2 Secs,16.6%,
26151,SL 302-point scale,25.3 Secs,16.3%,
26152,SL 302-point scale,25.4 Secs,15.9%,
26153,SL 302-point scale,25.5 Secs,15.6%,
26154,SL 302-point scale,25.6 Secs,15.3%,
26155,SL 302-point scale,25.7 Secs,15.0%,
26156,SL 302-point scale,25.8 Secs,14.6%,
26157,SL 302-point scale,25.9 Secs,14.3%,
26158,SL 302-point scale,26.0 Secs ,14.0%,
26159,SL 302-point scale,26.1 Secs,13.6%,
26160,SL 302-point scale,26.2 Secs,13.3%,
26161,SL 302-point scale,26.3 Secs,13.0%,
26162,SL 302-point scale,26.4 Secs,12.6%,
26163,SL 302-point scale,26.5 Secs,12.3%,
26164,SL 302-point scale,26.6 Secs,12.0%,
26165,SL 302-point scale,26.7 Secs,11.6%,
26166,SL 302-point scale,26.8 Secs,11.3%,
26167,SL 302-point scale,26.9 Secs,11.0%,
26168,SL 302-point scale,27.0 Secs,10.6%,
26169,SL 302-point scale,27.1 Secs,10.3%,
26170,SL 302-point scale,27.2 Secs,10.0%,
26171,SL 302-point scale,27.3 Secs,9.6%,
26172,SL 302-point scale,27.4 Secs,9.3%,
26173,SL 302-point scale,27.5 Secs,9.0%,
26174,SL 302-point scale,27.6 Secs,8.6%,
26175,SL 302-point scale,27.7 Secs,8.3%,
26176,SL 302-point scale,27.8 Secs,8.0%,
26177,SL 302-point scale,27.9 Secs,7.6%,
26178,SL 302-point scale,28.0 Secs,7.3%,
26179,SL 302-point scale,28.1 Secs,7.0%,
26180,SL 302-point scale,28.2 Secs,6.6%,
26181,SL 302-point scale,28.3 Secs,6.3%,
26182,SL 302-point scale,28.4 Secs,6.0%,
26183,SL 302-point scale,28.5 Secs,5.6%,
26184,SL 302-point scale,28.6 Secs,5.3%,
26185,SL 302-point scale,28.7 Secs,5.0%,
26186,SL 302-point scale,28.8 Secs,4.7%,
26187,SL 302-point scale,28.9 Secs,4.3%,
26188,SL 302-point scale,29.0 Secs,4.0%,
26189,SL 302-point scale,29.1 Secs,3.7%,
26190,SL 302-point scale,29.2 Secs,3.3%,
26191,SL 302-point scale,29.3 Secs,3.0%,
26192,SL 302-point scale,29.4 Secs,2.7%,
26193,SL 302-point scale,29.5 Secs,2.3%,
26194,SL 302-point scale,29.6 Secs,2.0%,
26195,SL 302-point scale,29.7 Secs,1.7%,
26196,SL 302-point scale,29.8 Secs,1.3%,
26197,SL 302-point scale,29.9 Secs,1.0%,
26198,SL 302-point scale,30.0 Secs,0.7%,
26199,SL 302-point scale,>30  Secs,0.3%,
26200,SL 302-point scale,Unable to perform 5 reps,0.0%,
26201,SL 302-point scale,Unable to stand without use of arms,0.0%,
26202,SL 302-point scale,Pt refused,0.0%,N/A
26203,SL 302-point scale,Not Assessed,0.0%,N/A
26204,SL 302-point scale,D/C value not obtained d/t unexpected discharge,0.0%,N/A
26221,SL 14-point scale,< or = 3.49 sec. Speed > or = 1.2 m/s. Community amb. Able to safely cross street.,100.0%,
26220,SL 14-point scale,"3.50 to 3.82 sec.  Speed 1.1 m/s. Community amb, but unable to safely cross street. Fall risk.",92.3%,
26219,SL 14-point scale,"3.83 to 4.23 sec.  Speed 1.0 m/s. Community amb, but unable to safely cross street. Fall risk.",84.6%,
26218,SL 14-point scale,"4.24 to 4.73 sec. Speed 0.9 m/s. Community amb, but unable to safely cross street. Fall risk.",76.9%,
26217,SL 14-point scale,4.74 to 5.36 sec. Speed 0.8  m/s. Limited comfortable ambulation. Fall risk.,69.2%,
26216,SL 14-point scale,5.37 to 6.20 sec. Speed 0.7 m/s. Limited comfortable ambulation. Fall risk.,61.5%,
26215,SL 14-point scale,6.21 to 7.33 sec. Speed 0.6 m/s. Limited comfortable ambulation. Fall risk.,53.8%,
26214,SL 14-point scale,7.34 to 8.98 sec. Speed 0.5 m/s. Limited comfortable ambulation. Fall risk.,46.2%,
26213,SL 14-point scale,8.99 to 11.59 sec. Speed 0.4 m/s. Limited comfortable ambulation. Fall risk.,38.5%,
26212,SL 14-point scale,11.60 to 16.32 sec. Speed 0.3 m/s. Limited to household ambulation. Fall risk.,30.8%,
26211,SL 14-point scale,16.33 to 27.58 sec. Speed 0.2 m/s. Limited to household ambulation. Fall risk.,23.1%,
26210,SL 14-point scale,27.59 sec to 1 minute 28.88 sec. Speed 0.1 m/s. Limited to household ambulation. Fall risk.,15.4%,
26209,SL 14-point scale,> or = 1 minute 28.89 seconds. Speed <0.1 m/s. Unable. Fall risk.,7.7%,
26222,SL 14-point scale,"Attempted test, but unable to complete",0.0%,
26223,SL 14-point scale,Pt. refused,0.0%,N/A
26224,SL 14-point scale,Pt. unable to understand instructions,0.0%,N/A
26225,SL 14-point scale,"Not attempted, pt requires more than MinA for short distance ambulation",0.0%,N/A
26226,SL 14-point scale,"Not attempted, PT or patient felt unsafe",0.0%,N/A
26227,SL 14-point scale,Not Assessed,0.0%,N/A
26228,SL 14-point scale,D/C value not obtained due to unexpected discharge,0.0%,N/A
26401,SL 100-point scale,100 - Independent,100.0%,
26400,SL 100-point scale,99 - Generally minimal dependency (up to 10 hrs/week help needed; may be OK for community living),99.0%,
26399,SL 100-point scale,98 - Generally minimal dependency (up to 10 hrs/week help needed; may be OK for community living),98.0%,
26398,SL 100-point scale,97 - Generally minimal dependency (up to 10 hrs/week help needed; may be OK for community living),97.0%,
26397,SL 100-point scale,96 - Generally minimal dependency (up to 10 hrs/week help needed; may be OK for community living),96.0%,
26396,SL 100-point scale,95 - Generally minimal dependency (up to 10 hrs/week help needed; may be OK for community living),95.0%,
26395,SL 100-point scale,94 - Generally minimal dependency (up to 10 hrs/week help needed; may be OK for community living),94.0%,
26394,SL 100-point scale,93 - Generally minimal dependency (up to 10 hrs/week help needed; may be OK for community living),93.0%,
26393,SL 100-point scale,92 - Generally minimal dependency (up to 10 hrs/week help needed; may be OK for community living),92.0%,
26392,SL 100-point scale,91 - Generally minimal dependency (up to 10 hrs/week help needed; may be OK for community living),91.0%,
26391,SL 100-point scale,90 - Generally mildly dependent (up to 13 hrs/week help needed; if to live alone will likely need services),90.0%,
26390,SL 100-point scale,89 - Generally mildly dependent (up to 13 hrs/week help needed; if to live alone will likely need services),89.0%,
26389,SL 100-point scale,88 - Generally mildly dependent (up to 13 hrs/week help needed; if to live alone will likely need services),88.0%,
26388,SL 100-point scale,87 - Generally mildly dependent (up to 13 hrs/week help needed; if to live alone will likely need services),87.0%,
26387,SL 100-point scale,86 - Generally mildly dependent (up to 13 hrs/week help needed; if to live alone will likely need services),86.0%,
26386,SL 100-point scale,85 - Generally mildly dependent (up to 13 hrs/week help needed; if to live alone will likely need services),85.0%,
26385,SL 100-point scale,84 - Generally mildly dependent (up to 13 hrs/week help needed; if to live alone will likely need services),84.0%,
26384,SL 100-point scale,83 - Generally mildly dependent (up to 13 hrs/week help needed; if to live alone will likely need services),83.0%,
26383,SL 100-point scale,82 - Generally mildly dependent (up to 13 hrs/week help needed; if to live alone will likely need services),82.0%,
26382,SL 100-point scale,81 - Generally mildly dependent (up to 13 hrs/week help needed; if to live alone will likely need services),81.0%,
26381,SL 100-point scale,80 - Generally mildly dependent (up to 13 hrs/week help needed; if to live alone will likely need services),80.0%,
26380,SL 100-point scale,79 - Generally mildly dependent (up to 13 hrs/week help needed; if to live alone will likely need services),79.0%,
26379,SL 100-point scale,78 - Generally mildly dependent (up to 13 hrs/week help needed; if to live alone will likely need services),78.0%,
26378,SL 100-point scale,77 - Generally mildly dependent (up to 13 hrs/week help needed; if to live alone will likely need services),77.0%,
26377,SL 100-point scale,76 - Generally mildly dependent (up to 13 hrs/week help needed; if to live alone will likely need services),76.0%,
26376,SL 100-point scale,75 - Generally mildly dependent (up to 13 hrs/week help needed; if to live alone will likely need services),75.0%,
26375,SL 100-point scale,74 - Generally moderately dependent (up to 20 hrs/wk help needed; may need assisted living),74.0%,
26374,SL 100-point scale,73 - Generally moderately dependent (up to 20 hrs/wk help needed; may need assisted living),73.0%,
26373,SL 100-point scale,72 - Generally moderately dependent (up to 20 hrs/wk help needed; may need assisted living),72.0%,
26372,SL 100-point scale,71 - Generally moderately dependent (up to 20 hrs/wk help needed; may need assisted living),71.0%,
26371,SL 100-point scale,70 - Generally moderately dependent (up to 20 hrs/wk help needed; may need assisted living),70.0%,
26370,SL 100-point scale,69 - Generally moderately dependent (up to 20 hrs/wk help needed; may need assisted living),69.0%,
26369,SL 100-point scale,68 - Generally moderately dependent (up to 20 hrs/wk help needed; may need assisted living),68.0%,
26368,SL 100-point scale,67 - Generally moderately dependent (up to 20 hrs/wk help needed; may need assisted living),67.0%,
26367,SL 100-point scale,66 - Generally moderately dependent (up to 20 hrs/wk help needed; may need assisted living),66.0%,
26366,SL 100-point scale,65 - Generally moderately dependent (up to 20 hrs/wk help needed; may need assisted living),65.0%,
26365,SL 100-point scale,64 - Generally moderately dependent (up to 20 hrs/wk help needed; may need assisted living),64.0%,
26364,SL 100-point scale,63 - Generally moderately dependent (up to 20 hrs/wk help needed; may need assisted living),63.0%,
26363,SL 100-point scale,62 - Generally moderately dependent (up to 20 hrs/wk help needed; may need assisted living),62.0%,
26362,SL 100-point scale,61 - Generally moderately dependent (up to 20 hrs/wk help needed; may need assisted living),61.0%,
26361,SL 100-point scale,60 - Generally moderately dependent (up to 20 hrs/wk help needed; may need assisted living),60.0%,
26360,SL 100-point scale,59 - Generally moderately dependent (up to 20 hrs/wk help needed; may need assisted living),59.0%,
26359,SL 100-point scale,58 - Generally moderately dependent (up to 20 hrs/wk help needed; may need assisted living),58.0%,
26358,SL 100-point scale,57 - Generally moderately dependent (up to 20 hrs/wk help needed; may need assisted living),57.0%,
26357,SL 100-point scale,56 - Generally moderately dependent (up to 20 hrs/wk help needed; may need assisted living),56.0%,
26356,SL 100-point scale,55 - Generally moderately dependent (up to 20 hrs/wk help needed; may need assisted living),55.0%,
26355,SL 100-point scale,54 - Generally moderately dependent (up to 20 hrs/wk help needed; may need assisted living),54.0%,
26354,SL 100-point scale,53 - Generally moderately dependent (up to 20 hrs/wk help needed; may need assisted living),53.0%,
26353,SL 100-point scale,52 - Generally moderately dependent (up to 20 hrs/wk help needed; may need assisted living),52.0%,
26352,SL 100-point scale,51 - Generally moderately dependent (up to 20 hrs/wk help needed; may need assisted living),51.0%,
26351,SL 100-point scale,50 - Generally moderately dependent (up to 20 hrs/wk help needed; may need assisted living),50.0%,
26350,SL 100-point scale,49 - Generally severely dependent (up to 23.5 hrs/wk help needed; unlikely to go home),49.0%,
26349,SL 100-point scale,48 - Generally severely dependent (up to 23.5 hrs/wk help needed; unlikely to go home),48.0%,
26348,SL 100-point scale,47 - Generally severely dependent (up to 23.5 hrs/wk help needed; unlikely to go home),47.0%,
26347,SL 100-point scale,46 - Generally severely dependent (up to 23.5 hrs/wk help needed; unlikely to go home),46.0%,
26346,SL 100-point scale,45 - Generally severely dependent (up to 23.5 hrs/wk help needed; unlikely to go home),45.0%,
26345,SL 100-point scale,44 - Generally severely dependent (up to 23.5 hrs/wk help needed; unlikely to go home),44.0%,
26344,SL 100-point scale,43 - Generally severely dependent (up to 23.5 hrs/wk help needed; unlikely to go home),43.0%,
26343,SL 100-point scale,42 - Generally severely dependent (up to 23.5 hrs/wk help needed; unlikely to go home),42.0%,
26342,SL 100-point scale,41 - Generally severely dependent (up to 23.5 hrs/wk help needed; unlikely to go home),41.0%,
26341,SL 100-point scale,40 - Generally severely dependent (up to 23.5 hrs/wk help needed; unlikely to go home),40.0%,
26340,SL 100-point scale,39 - Generally severely dependent (up to 23.5 hrs/wk help needed; unlikely to go home),39.0%,
26339,SL 100-point scale,38 - Generally severely dependent (up to 23.5 hrs/wk help needed; unlikely to go home),38.0%,
26338,SL 100-point scale,37 - Generally severely dependent (up to 23.5 hrs/wk help needed; unlikely to go home),37.0%,
26337,SL 100-point scale,36 - Generally severely dependent (up to 23.5 hrs/wk help needed; unlikely to go home),36.0%,
26336,SL 100-point scale,35 - Generally severely dependent (up to 23.5 hrs/wk help needed; unlikely to go home),35.0%,
26335,SL 100-point scale,34 - Generally severely dependent (up to 23.5 hrs/wk help needed; unlikely to go home),34.0%,
26334,SL 100-point scale,33 - Generally severely dependent (up to 23.5 hrs/wk help needed; unlikely to go home),33.0%,
26333,SL 100-point scale,32 - Generally severely dependent (up to 23.5 hrs/wk help needed; unlikely to go home),32.0%,
26332,SL 100-point scale,31 - Generally severely dependent (up to 23.5 hrs/wk help needed; unlikely to go home),31.0%,
26331,SL 100-point scale,30 - Generally severely dependent (up to 23.5 hrs/wk help needed; unlikely to go home),30.0%,
26330,SL 100-point scale,29 - Generally severely dependent (up to 23.5 hrs/wk help needed; unlikely to go home),29.0%,
26329,SL 100-point scale,28 - Generally severely dependent (up to 23.5 hrs/wk help needed; unlikely to go home),28.0%,
26328,SL 100-point scale,27 - Generally severely dependent (up to 23.5 hrs/wk help needed; unlikely to go home),27.0%,
26327,SL 100-point scale,26 - Generally severely dependent (up to 23.5 hrs/wk help needed; unlikely to go home),26.0%,
26326,SL 100-point scale,25 - Generally severely dependent (up to 23.5 hrs/wk help needed; unlikely to go home),25.0%,
26325,SL 100-point scale,24 - Generally totally dependent (up to 27 hrs/wk help needed; unlikely to go home),24.0%,
26324,SL 100-point scale,23 - Generally totally dependent (up to 27 hrs/wk help needed; unlikely to go home),23.0%,
26323,SL 100-point scale,22 - Generally totally dependent (up to 27 hrs/wk help needed; unlikely to go home),22.0%,
26322,SL 100-point scale,21 - Generally totally dependent (up to 27 hrs/wk help needed; unlikely to go home),21.0%,
26321,SL 100-point scale,20 - Generally totally dependent (up to 27 hrs/wk help needed; unlikely to go home),20.0%,
26320,SL 100-point scale,19 - Generally totally dependent (up to 27 hrs/wk help needed; unlikely to go home),19.0%,
26319,SL 100-point scale,18 - Generally totally dependent (up to 27 hrs/wk help needed; unlikely to go home),18.0%,
26318,SL 100-point scale,17 - Generally totally dependent (up to 27 hrs/wk help needed; unlikely to go home),17.0%,
26317,SL 100-point scale,16 - Generally totally dependent (up to 27 hrs/wk help needed; unlikely to go home),16.0%,
26316,SL 100-point scale,15 - Generally totally dependent (up to 27 hrs/wk help needed; unlikely to go home),15.0%,
26315,SL 100-point scale,14 - Generally totally dependent (up to 27 hrs/wk help needed; unlikely to go home),14.0%,
26314,SL 100-point scale,13 - Generally totally dependent (up to 27 hrs/wk help needed; unlikely to go home),13.0%,
26313,SL 100-point scale,12 - Generally totally dependent (up to 27 hrs/wk help needed; unlikely to go home),12.0%,
26312,SL 100-point scale,11 - Generally totally dependent (up to 27 hrs/wk help needed; unlikely to go home),11.0%,
26311,SL 100-point scale,10 - Generally totally dependent (up to 27 hrs/wk help needed; unlikely to go home),10.0%,
26310,SL 100-point scale,9 - Generally totally dependent (up to 27 hrs/wk help needed; unlikely to go home),9.0%,
26309,SL 100-point scale,8 - Generally totally dependent (up to 27 hrs/wk help needed; unlikely to go home),8.0%,
26308,SL 100-point scale,7 - Generally totally dependent (up to 27 hrs/wk help needed; unlikely to go home),7.0%,
26307,SL 100-point scale,6 - Generally totally dependent (up to 27 hrs/wk help needed; unlikely to go home),6.0%,
26306,SL 100-point scale,5 - Generally totally dependent (up to 27 hrs/wk help needed; unlikely to go home),5.0%,
26305,SL 100-point scale,4 - Generally totally dependent (up to 27 hrs/wk help needed; unlikely to go home),4.0%,
26304,SL 100-point scale,3 - Generally totally dependent (up to 27 hrs/wk help needed; unlikely to go home),3.0%,
26303,SL 100-point scale,2 - Generally totally dependent (up to 27 hrs/wk help needed; unlikely to go home),2.0%,
26302,SL 100-point scale,1 - Generally totally dependent (up to 27 hrs/wk help needed; unlikely to go home),1.0%,
26301,SL 100-point scale,0 - Generally totally dependent (up to 27 hrs/wk help needed; unlikely to go home),0.0%,
26402,SL 100-point scale,Not assessed,0.0%,N/A
26403,SL 100-point scale,Unexpected D/C and D/C ADL performance not assessed,0.0%,N/A
1961,SL 12-point scale,100%,100.0%,
1962,SL 12-point scale,95%,90.9%,
1963,SL 12-point scale,90%,81.8%,
1964,SL 12-point scale,85%,72.7%,
1965,SL 12-point scale,80%,63.6%,
1966,SL 12-point scale,75%,54.5%,
1967,SL 12-point scale,70%,45.5%,
1968,SL 12-point scale,60%,36.4%,
1969,SL 12-point scale,50%,27.3%,
1970,SL 12-point scale,25%,18.2%,
1971,SL 12-point scale,<25%,9.1%,
1972,SL 12-point scale,0%,0.0%,
1973,SL 12-point scale,N/A,0.0%,N/A
4412,SL 28-point scale,N/T,0.0%,N/A
4411,SL 28-point scale,N/A,0.0%,N/A
4410,SL 28-point scale,> 8 hours,100.0%,
4409,SL 28-point scale,7.5 hours,96.3%,
4408,SL 28-point scale,7 hours,92.6%,
4407,SL 28-point scale,6.5 hours,88.9%,
4406,SL 28-point scale,6 hours,85.2%,
4405,SL 28-point scale,5.5 hours,81.5%,
4404,SL 28-point scale,5 hours,77.8%,
4403,SL 28-point scale,4.5 hours,74.1%,
4402,SL 28-point scale,4 hours,70.4%,
4401,SL 28-point scale,3.5 hours,66.7%,
4400,SL 28-point scale,3 hours,63.0%,
4399,SL 28-point scale,2.5 hours,59.3%,
4398,SL 28-point scale,2 hours,55.6%,
4397,SL 28-point scale,1.5 hours,51.9%,
4396,SL 28-point scale,1 hour,48.1%,
4395,SL 28-point scale,50 mins,44.4%,
4394,SL 28-point scale,40 mins,40.7%,
4393,SL 28-point scale,30 mins,37.0%,
4392,SL 28-point scale,25 mins,33.3%,
4391,SL 28-point scale,20 mins,29.6%,
4390,SL 28-point scale,15 mins,25.9%,
4389,SL 28-point scale,10 mins,22.2%,
4388,SL 28-point scale,5 mins,18.5%,
4387,SL 28-point scale,> 3 - 5 mins,14.8%,
4386,SL 28-point scale,1 - 3 mins,11.1%,
4385,SL 28-point scale,30 - 60 seconds,7.4%,
4384,SL 28-point scale,< 30 seconds,3.7%,
4383,SL 28-point scale,Unable,0.0%,
13419,SL 11-point scale,10,100.0%,
13418,SL 11-point scale,9,90.0%,
13417,SL 11-point scale,8,80.0%,
13416,SL 11-point scale,7,70.0%,
13415,SL 11-point scale,6,60.0%,
13414,SL 11-point scale,5,50.0%,
13413,SL 11-point scale,4,40.0%,
13412,SL 11-point scale,3,30.0%,
13411,SL 11-point scale,2,20.0%,
13410,SL 11-point scale,1,10.0%,
13409,SL 11-point scale,0,0.0%,
13420,SL 11-point scale,UTD,0.0%,N/A
23207,SL 9-point scale,I,100.0%,
23208,SL 9-point scale,MI,87.5%,
23209,SL 9-point scale,S/U,75.0%,
23210,SL 9-point scale,SUP,62.5%,
23211,SL 9-point scale,CGA,50.0%,
23212,SL 9-point scale,Min (A),37.5%,
23213,SL 9-point scale,Mod (A),25.0%,
23214,SL 9-point scale,Max (A),12.5%,
23215,SL 9-point scale,TD,0.0%,
26644,SL 241-point scale,> 240  min,100.0%,
26643,SL 241-point scale,240 min,99.6%,
26642,SL 241-point scale,239 min,99.2%,
26641,SL 241-point scale,238 min,98.8%,
26640,SL 241-point scale,237 min,98.3%,
26639,SL 241-point scale,236 min,97.9%,
26638,SL 241-point scale,235 min,97.5%,
26637,SL 241-point scale,234 min,97.1%,
26636,SL 241-point scale,233 min,96.7%,
26635,SL 241-point scale,232 min,96.3%,
26634,SL 241-point scale,231 min,95.8%,
26633,SL 241-point scale,230 min,95.4%,
26632,SL 241-point scale,229 min,95.0%,
26631,SL 241-point scale,228 min,94.6%,
26630,SL 241-point scale,227 min,94.2%,
26629,SL 241-point scale,226 min,93.8%,
26628,SL 241-point scale,225 min,93.3%,
26627,SL 241-point scale,224 min,92.9%,
26626,SL 241-point scale,223 min,92.5%,
26625,SL 241-point scale,222 min,92.1%,
26624,SL 241-point scale,221 min,91.7%,
26623,SL 241-point scale,220 min,91.3%,
26622,SL 241-point scale,219 min,90.8%,
26621,SL 241-point scale,218 min,90.4%,
26620,SL 241-point scale,217 min,90.0%,
26619,SL 241-point scale,216 min,89.6%,
26618,SL 241-point scale,215 min,89.2%,
26617,SL 241-point scale,214 min,88.8%,
26616,SL 241-point scale,213 min,88.3%,
26615,SL 241-point scale,212 min,87.9%,
26614,SL 241-point scale,211 min,87.5%,
26613,SL 241-point scale,210 min,87.1%,
26612,SL 241-point scale,209 min,86.7%,
26611,SL 241-point scale,208 min,86.3%,
26610,SL 241-point scale,207 min,85.8%,
26609,SL 241-point scale,206 min,85.4%,
26608,SL 241-point scale,205 min,85.0%,
26607,SL 241-point scale,204 min,84.6%,
26606,SL 241-point scale,203 min,84.2%,
26605,SL 241-point scale,202 min,83.8%,
26604,SL 241-point scale,201 min,83.3%,
26603,SL 241-point scale,200 min,82.9%,
26602,SL 241-point scale,199 min,82.5%,
26601,SL 241-point scale,198 min,82.1%,
26600,SL 241-point scale,197 min,81.7%,
26599,SL 241-point scale,196 min,81.3%,
26598,SL 241-point scale,195 min,80.8%,
26597,SL 241-point scale,194 min,80.4%,
26596,SL 241-point scale,193 min,80.0%,
26595,SL 241-point scale,192 min,79.6%,
26594,SL 241-point scale,191 min,79.2%,
26593,SL 241-point scale,190 min,78.8%,
26592,SL 241-point scale,189 min,78.3%,
26591,SL 241-point scale,188 min,77.9%,
26590,SL 241-point scale,187 min,77.5%,
26589,SL 241-point scale,186 min,77.1%,
26588,SL 241-point scale,185 min,76.7%,
26587,SL 241-point scale,184 min,76.3%,
26586,SL 241-point scale,183 min,75.8%,
26585,SL 241-point scale,182 min,75.4%,
26584,SL 241-point scale,181 min,75.0%,
26583,SL 241-point scale,180 min,74.6%,
26582,SL 241-point scale,179 min,74.2%,
26581,SL 241-point scale,178 min,73.8%,
26580,SL 241-point scale,177 min,73.3%,
26579,SL 241-point scale,176 min,72.9%,
26578,SL 241-point scale,175 min,72.5%,
26577,SL 241-point scale,174 min,72.1%,
26576,SL 241-point scale,173 min,71.7%,
26575,SL 241-point scale,172 min,71.3%,
26574,SL 241-point scale,171 min,70.8%,
26573,SL 241-point scale,170 min,70.4%,
26572,SL 241-point scale,169 min,70.0%,
26571,SL 241-point scale,168 min,69.6%,
26570,SL 241-point scale,167 min,69.2%,
26569,SL 241-point scale,166 min,68.8%,
26568,SL 241-point scale,165 min,68.3%,
26567,SL 241-point scale,164 min,67.9%,
26566,SL 241-point scale,163 min,67.5%,
26565,SL 241-point scale,162 min,67.1%,
26564,SL 241-point scale,161 min,66.7%,
26563,SL 241-point scale,160 min,66.3%,
26562,SL 241-point scale,159 min,65.8%,
26561,SL 241-point scale,158 min,65.4%,
26560,SL 241-point scale,157 min,65.0%,
26559,SL 241-point scale,156 min,64.6%,
26558,SL 241-point scale,155 min,64.2%,
26557,SL 241-point scale,154 min,63.8%,
26556,SL 241-point scale,153 min,63.3%,
26555,SL 241-point scale,152 min,62.9%,
26554,SL 241-point scale,151 min,62.5%,
26553,SL 241-point scale,150 min,62.1%,
26552,SL 241-point scale,149 min,61.7%,
26551,SL 241-point scale,148 min,61.3%,
26550,SL 241-point scale,147 min,60.8%,
26549,SL 241-point scale,146 min,60.4%,
26548,SL 241-point scale,145 min,60.0%,
26547,SL 241-point scale,144 min,59.6%,
26546,SL 241-point scale,143 min,59.2%,
26545,SL 241-point scale,142 min,58.8%,
26544,SL 241-point scale,141 min,58.3%,
26543,SL 241-point scale,140 min,57.9%,
26542,SL 241-point scale,139 min,57.5%,
26541,SL 241-point scale,138 min,57.1%,
26540,SL 241-point scale,137 min,56.7%,
26539,SL 241-point scale,136 min,56.3%,
26538,SL 241-point scale,135 min,55.8%,
26537,SL 241-point scale,134 min,55.4%,
26536,SL 241-point scale,133 min,55.0%,
26535,SL 241-point scale,132 min,54.6%,
26534,SL 241-point scale,131 min,54.2%,
26533,SL 241-point scale,130 min,53.8%,
26532,SL 241-point scale,129 min,53.3%,
26531,SL 241-point scale,128 min,52.9%,
26530,SL 241-point scale,127 min,52.5%,
26529,SL 241-point scale,126 min,52.1%,
26528,SL 241-point scale,125 min,51.7%,
26527,SL 241-point scale,124 min,51.3%,
26526,SL 241-point scale,123 min,50.8%,
26525,SL 241-point scale,122 min,50.4%,
26524,SL 241-point scale,121 min,50.0%,
26523,SL 241-point scale,120 min,49.6%,
26522,SL 241-point scale,119 min,49.2%,
26521,SL 241-point scale,118 min,48.8%,
26520,SL 241-point scale,117 min,48.3%,
26519,SL 241-point scale,116 min,47.9%,
26518,SL 241-point scale,115 min,47.5%,
26517,SL 241-point scale,114 min,47.1%,
26516,SL 241-point scale,113 min,46.7%,
26515,SL 241-point scale,112 min,46.3%,
26514,SL 241-point scale,111 min,45.8%,
26513,SL 241-point scale,110 min,45.4%,
26512,SL 241-point scale,109 min,45.0%,
26511,SL 241-point scale,108 min,44.6%,
26510,SL 241-point scale,107 min,44.2%,
26509,SL 241-point scale,106 min,43.8%,
26508,SL 241-point scale,105 min,43.3%,
26507,SL 241-point scale,104 min,42.9%,
26506,SL 241-point scale,103 min,42.5%,
26505,SL 241-point scale,102 min,42.1%,
26504,SL 241-point scale,101 min,41.7%,
26503,SL 241-point scale,100 min,41.3%,
26502,SL 241-point scale,99 min,40.8%,
26501,SL 241-point scale,98 min,40.4%,
26500,SL 241-point scale,97 min,40.0%,
26499,SL 241-point scale,96 min,39.6%,
26498,SL 241-point scale,95 min,39.2%,
26497,SL 241-point scale,94 min,38.8%,
26496,SL 241-point scale,93 min,38.3%,
26495,SL 241-point scale,92 min,37.9%,
26494,SL 241-point scale,91 min,37.5%,
26493,SL 241-point scale,90 min,37.1%,
26492,SL 241-point scale,89 min,36.7%,
26491,SL 241-point scale,88 min,36.3%,
26490,SL 241-point scale,87 min,35.8%,
26489,SL 241-point scale,86 min,35.4%,
26488,SL 241-point scale,85 min,35.0%,
26487,SL 241-point scale,84 min,34.6%,
26486,SL 241-point scale,83 min,34.2%,
26485,SL 241-point scale,82 min,33.8%,
26484,SL 241-point scale,81 min,33.3%,
26483,SL 241-point scale,80 min,32.9%,
26482,SL 241-point scale,79 min,32.5%,
26481,SL 241-point scale,78 min,32.1%,
26480,SL 241-point scale,77 min,31.7%,
26479,SL 241-point scale,76 min,31.3%,
26478,SL 241-point scale,75 min,30.8%,
26477,SL 241-point scale,74 min,30.4%,
26476,SL 241-point scale,73 min,30.0%,
26475,SL 241-point scale,72 min,29.6%,
26474,SL 241-point scale,71 min,29.2%,
26473,SL 241-point scale,70 min,28.8%,
26472,SL 241-point scale,69 min,28.3%,
26471,SL 241-point scale,68 min,27.9%,
26470,SL 241-point scale,67 min,27.5%,
26469,SL 241-point scale,66 min,27.1%,
26468,SL 241-point scale,65 min,26.7%,
26467,SL 241-point scale,64 min,26.3%,
26466,SL 241-point scale,63 min,25.8%,
26465,SL 241-point scale,62 min,25.4%,
26464,SL 241-point scale,61 min,25.0%,
26463,SL 241-point scale,60 min,24.6%,
26462,SL 241-point scale,59 min,24.2%,
26461,SL 241-point scale,58 min,23.8%,
26460,SL 241-point scale,57 min,23.3%,
26459,SL 241-point scale,56 min,22.9%,
26458,SL 241-point scale,55 min,22.5%,
26457,SL 241-point scale,54 min,22.1%,
26456,SL 241-point scale,53 min,21.7%,
26455,SL 241-point scale,52 min,21.3%,
26454,SL 241-point scale,51 min,20.8%,
26453,SL 241-point scale,50 min,20.4%,
26452,SL 241-point scale,49 min,20.0%,
26451,SL 241-point scale,48 min,19.6%,
26450,SL 241-point scale,47 min,19.2%,
26449,SL 241-point scale,46 min,18.8%,
26448,SL 241-point scale,45 min,18.3%,
26447,SL 241-point scale,44 min,17.9%,
26446,SL 241-point scale,43 min,17.5%,
26445,SL 241-point scale,42 min,17.1%,
26444,SL 241-point scale,41 min,16.7%,
26443,SL 241-point scale,40 min,16.3%,
26442,SL 241-point scale,39 min,15.8%,
26441,SL 241-point scale,38 min,15.4%,
26440,SL 241-point scale,37 min,15.0%,
26439,SL 241-point scale,36 min,14.6%,
26438,SL 241-point scale,35 min,14.2%,
26437,SL 241-point scale,34 min,13.8%,
26436,SL 241-point scale,33 min,13.3%,
26435,SL 241-point scale,32 min,12.9%,
26434,SL 241-point scale,31 min,12.5%,
26433,SL 241-point scale,30 min,12.1%,
26432,SL 241-point scale,29 min,11.7%,
26431,SL 241-point scale,28 min,11.3%,
26430,SL 241-point scale,27 min,10.8%,
26429,SL 241-point scale,26 min,10.4%,
26428,SL 241-point scale,25 min,10.0%,
26427,SL 241-point scale,24 min,9.6%,
26426,SL 241-point scale,23 min,9.2%,
26425,SL 241-point scale,22 min,8.8%,
26424,SL 241-point scale,21 min,8.3%,
26423,SL 241-point scale,20 min,7.9%,
26422,SL 241-point scale,19 min,7.5%,
26421,SL 241-point scale,18 min,7.1%,
26420,SL 241-point scale,17 min,6.7%,
26419,SL 241-point scale,16 min,6.3%,
26418,SL 241-point scale,15 min,5.8%,
26417,SL 241-point scale,14 min,5.4%,
26416,SL 241-point scale,13 min,5.0%,
26415,SL 241-point scale,12 min,4.6%,
26414,SL 241-point scale,11 min,4.2%,
26413,SL 241-point scale,10 min,3.8%,
26412,SL 241-point scale,9 min,3.3%,
26411,SL 241-point scale,8 min,2.9%,
26410,SL 241-point scale,7 min,2.5%,
26409,SL 241-point scale,6 min,2.1%,
26408,SL 241-point scale,5 min,1.7%,
26407,SL 241-point scale,4 min,1.3%,
26406,SL 241-point scale,3 min,0.8%,
26405,SL 241-point scale,2 min,0.4%,
26404,SL 241-point scale,1 min,0.0%,
26645,SL 241-point scale,Not Assessed,0.0%,N/A
26646,SL 241-point scale,Not tested d/t unexpected d/c,0.0%,N/A
